,Date,Open,High,Low,Close,Adj Close,Volume,sma20,sma100,sma200,bb_bbh,bb_bbl,sma_100_200_diff,bb_diff,sma_100_200_diff_buy,sma_100_200_diff_sell,bb_diff_buy,bb_diff_sell,sma_100_buy,sma_100_sell,sma_200_buy,sma_200_sell,sma_100_bb_bbh_buy,sma_200_bb_bbh_buy,sma_100_bb_bbl_sell,sma_200_bb_bbl_sell,BUY_SELL_FLAG,BUY_SELL_SIGNAL
0,2020-12-01,19633.769531,19845.974609,18321.921875,18802.998047,18802.998047,49633658712,18802.998047,18802.998047,18802.998047,0.0,0.0,0.0,0.0,0,0,0,0,0,0,0,0,0,0,0,0,-,-
1,2020-12-02,18801.744141,19308.330078,18347.71875,19201.091797,19201.091797,37387697139,19002.044922,19002.044922,19002.044922,0.0,0.0,0.0,0.0,0,0,0,0,1,0,1,0,1,1,1,1,_,-
2,2020-12-03,19205.925781,19566.191406,18925.785156,19445.398438,19445.398438,31930317405,19149.829427333334,19149.829427333334,19149.829427333334,0.0,0.0,0.0,0.0,0,0,0,0,1,0,1,0,1,1,1,1,_,-
3,2020-12-04,19446.966797,19511.404297,18697.193359,18699.765625,18699.765625,33872388058,19037.31347675,19037.31347675,19037.31347675,0.0,0.0,0.0,0.0,0,0,0,0,0,1,0,1,1,1,1,1,_,-
4,2020-12-05,18698.384766,19160.449219,18590.193359,19154.230469,19154.230469,27242455064,19060.696875200003,19060.696875200003,19060.696875200003,0.0,0.0,0.0,0.0,0,0,0,0,1,0,1,0,1,1,1,1,_,-
5,2020-12-06,19154.179688,19390.5,18897.894531,19345.121094,19345.121094,25293775714,19108.100911666665,19108.100911666665,19108.100911666665,0.0,0.0,0.0,0.0,0,0,0,0,1,0,1,0,1,1,1,1,_,-
6,2020-12-07,19343.128906,19411.828125,18931.142578,19191.630859,19191.630859,26896357742,19120.033761285715,19120.033761285715,19120.033761285715,0.0,0.0,0.0,0.0,0,0,0,0,1,0,1,0,1,1,1,1,_,-
7,2020-12-08,19191.529297,19283.478516,18269.945313,18321.144531,18321.144531,31692288756,19020.1726075,19020.1726075,19020.1726075,0.0,0.0,0.0,0.0,0,0,0,0,0,1,0,1,1,1,1,1,_,-
8,2020-12-09,18320.884766,18626.292969,17935.546875,18553.916016,18553.916016,34420373071,18968.366319555556,18968.366319555556,18968.366319555556,0.0,0.0,0.0,0.0,0,0,0,0,0,1,0,1,1,1,1,1,_,-
9,2020-12-10,18553.298828,18553.298828,17957.064453,18264.992188,18264.992188,25547132265,18898.028906400003,18898.028906400003,18898.028906400003,0.0,0.0,0.0,0.0,0,0,0,0,0,1,0,1,1,1,1,1,_,-
10,2020-12-11,18263.929688,18268.453125,17619.533203,18058.904297,18058.904297,27919640985,18821.744851,18821.744851,18821.744851,0.0,0.0,0.0,0.0,0,0,0,0,0,1,0,1,1,1,1,1,_,-
11,2020-12-12,18051.320313,18919.550781,18046.041016,18803.65625,18803.65625,21752580802,18820.237467583334,18820.237467583334,18820.237467583334,0.0,0.0,0.0,0.0,0,0,0,0,0,1,0,1,1,1,1,1,_,-
12,2020-12-13,18806.765625,19381.535156,18734.332031,19142.382813,19142.382813,25450468637,18845.01787876923,18845.01787876923,18845.01787876923,0.0,0.0,0.0,0.0,0,0,0,0,1,0,1,0,1,1,1,1,_,-
13,2020-12-14,19144.492188,19305.099609,19012.708984,19246.644531,19246.644531,22473997681,18873.705496785715,18873.705496785715,18873.705496785715,0.0,0.0,0.0,0.0,0,0,0,0,1,0,1,0,1,1,1,1,_,-
14,2020-12-15,19246.919922,19525.007813,19079.841797,19417.076172,19417.076172,26741982541,18909.930208466667,18909.930208466667,18909.930208466667,0.0,0.0,0.0,0.0,0,0,0,0,1,0,1,0,1,1,1,1,_,-
15,2020-12-16,19418.818359,21458.908203,19298.316406,21310.597656,21310.597656,44409011479,19059.9719239375,19059.9719239375,19059.9719239375,0.0,0.0,0.0,0.0,0,0,0,0,1,0,1,0,1,1,1,1,_,-
16,2020-12-17,21308.351563,23642.660156,21234.675781,22805.162109,22805.162109,71378606374,19280.277228941177,19280.277228941177,19280.277228941177,0.0,0.0,0.0,0.0,0,0,0,0,1,0,1,0,1,1,1,1,_,-
17,2020-12-18,22806.796875,23238.601563,22399.8125,23137.960938,23137.960938,40387896275,19494.592990555553,19494.592990555553,19494.592990555553,0.0,0.0,0.0,0.0,0,0,0,0,1,0,1,0,1,1,1,1,_,-
18,2020-12-19,23132.865234,24085.855469,22826.472656,23869.832031,23869.832031,38487546580,19724.868729526315,19724.868729526315,19724.868729526315,0.0,0.0,0.0,0.0,0,0,0,0,1,0,1,0,1,1,1,1,_,-
19,2020-12-20,23861.765625,24209.660156,23147.710938,23477.294922,23477.294922,37844228422,19912.49003915,19912.49003915,19912.49003915,23572.442020088652,16252.538058211352,0.0,7319.9039618773,0,0,1,0,1,0,1,0,0,0,1,1,_,-
20,2020-12-21,23474.455078,24059.982422,22159.367188,22803.082031,22803.082031,45852713981,20112.494238350002,20050.137276857142,20050.137276857142,23941.351992370997,16283.636484329007,0.0,7657.715508041991,0,0,1,0,1,0,1,0,1,1,1,1,_,-
21,2020-12-22,22794.039063,23789.902344,22430.605469,23783.029297,23783.029297,44171632681,20341.591113349998,20219.814186863638,20219.814186863638,24462.106230337635,16221.07599636236,0.0,8241.030233975274,0,0,1,0,1,0,1,0,1,1,1,1,_,-
22,2020-12-23,23781.974609,24024.490234,22802.646484,23241.345703,23241.345703,51146161904,20531.3884766,20351.185122347826,20351.185122347826,24815.736238711066,16247.040714488936,0.0,8568.69552422213,0,0,1,0,1,0,1,0,1,1,1,1,_,-
23,2020-12-24,23240.203125,23768.337891,22777.597656,23735.949219,23735.949219,41080759713,20783.1976563,20492.216959708334,20492.216959708334,25197.365499849555,16369.029812750443,0.0,8828.335687099112,0,0,1,0,1,0,1,0,1,1,1,1,_,-
24,2020-12-25,23733.570313,24710.101563,23463.673828,24664.791016,24664.791016,42068395846,21058.72568365,20659.11992196,20659.11992196,25713.1710381642,16404.280329135796,0.0,9308.890709028405,0,0,1,0,1,0,1,0,1,1,1,1,_,-
25,2020-12-26,24677.015625,26718.070313,24522.689453,26437.037109,26437.037109,48332647295,21413.3214844,20881.34750607692,20881.34750607692,26547.410249721153,16279.232719078846,0.0,10268.177530642308,0,0,1,0,1,0,1,0,1,1,1,1,_,-
26,2020-12-27,26439.373047,28288.839844,25922.769531,26272.294922,26272.294922,66479895605,21767.35468755,21081.012225185186,21081.012225185186,27207.23080203356,16327.47857306644,0.0,10879.752228967118,0,0,1,0,1,0,1,0,1,1,1,1,_,-
27,2020-12-28,26280.822266,27389.111328,26207.640625,27084.808594,27084.808594,49056742893,22205.5378907,21295.43352407143,21295.43352407143,27871.57922338193,16539.496558018072,0.0,11332.082665363858,0,0,1,0,1,0,1,0,1,1,1,1,_,-
28,2020-12-29,27081.810547,27370.720703,25987.298828,27362.4375,27362.4375,45265946774,22645.9639649,21504.64055772414,21504.64055772414,28475.198745661648,16816.72918413835,0.0,11658.4695615233,0,0,1,0,1,0,1,0,1,1,1,1,_,-
29,2020-12-30,27360.089844,28937.740234,27360.089844,28840.953125,28840.953125,51287442704,23174.762011749997,21749.18430996667,21749.18430996667,29232.68773171259,17116.836291787404,0.0,12115.851439925187,0,0,1,0,1,0,1,0,1,1,1,1,_,-
30,2020-12-31,28841.574219,29244.876953,28201.992188,29001.720703,29001.720703,46754964848,23721.90283205,21983.13709683871,21983.13709683871,29809.37367025723,17634.43199384277,0.0,12174.941676414463,0,0,1,0,1,0,1,0,1,1,1,1,_,-
31,2021-01-01,28994.009766,29600.626953,28803.585938,29374.152344,29374.152344,40730301359,24250.427636750002,22214.1063233125,22214.1063233125,30373.474455939715,18127.38081756029,0.0,12246.093638379425,0,0,1,0,1,0,1,0,1,1,1,1,_,-
32,2021-01-02,29376.455078,33155.117188,29091.181641,32127.267578,32127.267578,67865420765,24899.671875,22514.505149212124,22514.505149212124,31456.815089396983,18342.528660603017,0.0,13114.286428793966,0,0,1,0,1,0,1,0,1,1,1,1,_,-
33,2021-01-03,32129.408203,34608.558594,32052.316406,32782.023438,32782.023438,78665235202,25576.44082035,22816.490981235296,22816.490981235296,32446.594524212465,18706.287116487532,0.0,13740.307407724933,0,0,1,0,1,0,1,0,1,1,1,1,_,-
34,2021-01-04,32810.949219,33440.21875,28722.755859,31971.914063,31971.914063,81163475344,26204.1827149,23078.074497857146,23078.074497857146,33002.39081668859,19405.974613111408,0.0,13596.41620357718,0,0,1,0,1,0,1,0,1,1,1,1,_,-
35,2021-01-05,31977.041016,34437.589844,30221.1875,33992.429688,33992.429688,67547324782,26838.2743165,23381.251030916665,23381.251030916665,34045.85837743247,19630.69025556753,0.0,14415.168121864943,0,0,1,0,1,0,1,0,1,1,1,1,_,-
36,2021-01-06,34013.613281,36879.699219,33514.035156,36824.363281,36824.363281,75289433811,27539.2343751,23744.57838902703,23744.57838902703,35704.71560562906,19373.75314457094,0.0,16330.962461058123,0,0,1,0,1,0,1,0,1,1,1,1,_,-
37,2021-01-07,36833.875,40180.367188,36491.191406,39371.042969,39371.042969,84762141031,28350.888476649998,24155.80114113158,24155.80114113158,37740.45990194857,18961.317051351427,0.0,18779.14285059714,0,0,1,0,1,0,1,0,1,1,1,1,_,-
38,2021-01-08,39381.765625,41946.738281,36838.636719,40797.609375,40797.609375,88107519480,29197.27734385,24582.514172769228,24582.514172769228,39792.87803202089,18601.676655679115,0.0,21191.201376341774,0,0,1,0,1,0,1,0,1,1,1,1,_,-
39,2021-01-09,40788.640625,41436.351563,38980.875,40254.546875,40254.546875,61984162837,30036.139941499998,24974.314990324998,24974.314990324998,41321.57277448731,18750.707108512688,0.0,22570.86566597462,0,0,1,0,1,0,1,0,1,1,1,1,_,-
40,2021-01-10,40254.21875,41420.191406,35984.628906,38356.441406,38356.441406,79980747690,30813.807910249998,25300.708317536584,25300.708317536584,42141.82549030751,19485.79033019249,0.0,22656.035160115018,0,0,1,0,1,0,1,0,1,1,1,1,_,-
41,2021-01-11,38346.53125,38346.53125,30549.599609,35566.65625,35566.65625,123320567399,31402.989257899997,25545.13564926191,25545.13564926191,42428.731298182065,20377.24721761793,0.0,22051.484080564136,0,0,1,0,1,0,1,0,1,1,1,1,_,-
42,2021-01-12,35516.359375,36568.527344,32697.976563,33922.960938,33922.960938,74773277909,31937.07001965,25739.968795511628,25739.968795511628,42347.33345766206,21526.80658163794,0.0,20820.526876024123,0,0,1,0,1,0,1,0,1,1,1,1,_,-
43,2021-01-13,33915.121094,37599.960938,32584.667969,37316.359375,37316.359375,69364315979,32616.090527450004,26003.06858140909,26003.06858140909,42559.17776256488,22673.003292335125,0.0,19886.17447022976,0,0,1,0,1,0,1,0,1,1,1,1,_,-
44,2021-01-14,37325.109375,39966.40625,36868.5625,39187.328125,39187.328125,63615990033,33342.217382899995,26296.052126822222,26296.052126822222,42972.76995545862,23711.664810341368,0.0,19261.105145117253,0,0,1,0,1,0,1,0,1,1,1,1,_,-
45,2021-01-15,39156.707031,39577.710938,34659.589844,36825.367188,36825.367188,67760757881,33861.63388685,26524.950280326084,26524.950280326084,43057.205235301124,24666.06253839888,0.0,18391.142696902243,0,0,1,0,1,0,1,0,1,1,1,1,_,-
46,2021-01-16,36821.648438,37864.367188,35633.554688,36178.140625,36178.140625,57706187875,34356.926172,26730.337308936167,26730.337308936167,42908.586954704115,25805.265389295884,0.0,17103.32156540823,0,0,1,0,1,0,1,0,1,1,1,1,_,-
47,2021-01-17,36163.648438,36722.351563,34069.320313,35791.277344,35791.277344,52359854336,34792.249609499995,26919.106893,26919.106893,42679.429714250015,26905.069504749972,0.0,15774.360209500042,0,0,1,0,1,0,1,0,1,1,1,1,_,-
48,2021-01-18,35792.238281,37299.285156,34883.84375,36630.074219,36630.074219,49511702429,35255.631445449995,27117.28989965306,27117.28989965306,42395.926772939834,28115.336117960156,0.0,14280.590654979678,0,0,1,0,1,0,1,0,1,1,0,0,_,-
49,2021-01-19,36642.234375,37755.890625,36069.804688,36069.804688,36069.804688,57244195486,35617.0740236,27296.340195419998,27296.340195419998,42125.853512673275,29108.294534526718,0.0,13017.558978146557,0,0,1,0,1,0,1,0,1,1,1,1,_,-
50,2021-01-20,36050.113281,36378.328125,33570.476563,35547.75,35547.75,66834573161,35944.37548845,27458.13254452941,27458.13254452941,41704.938542057185,30183.812434842817,0.0,11521.126107214368,0,0,1,0,1,0,1,0,1,1,1,1,_,-
51,2021-01-21,35549.398438,35552.679688,30250.75,30825.699219,30825.699219,75643067688,36016.9528322,27522.893442115383,27522.893442115383,41473.10713060411,30560.798533795878,0.0,10912.308596808234,0,0,1,0,1,0,1,0,1,1,1,1,_,-
52,2021-01-22,30817.625,33811.851563,28953.373047,33005.761719,33005.761719,77207272511,36060.877539249996,27626.343786962265,27626.343786962265,41404.043858683704,30717.711219816287,0.0,10686.332638867418,0,0,1,0,1,0,1,0,1,1,1,1,_,-
53,2021-01-23,32985.757813,33360.976563,31493.160156,32067.642578,32067.642578,48354737975,36025.15849625,27708.59006087037,27708.59006087037,41464.214587585375,30586.102404914618,0.0,10878.112182670757,0,0,1,0,1,0,1,0,1,1,1,1,_,-
54,2021-01-24,32064.376953,32944.007813,31106.685547,32289.378906,32289.378906,48643830599,36041.0317384,27791.877130781817,27791.877130781817,41434.34009855134,30647.72337824866,0.0,10786.616720302685,0,0,1,0,1,0,1,0,1,1,1,1,_,-
55,2021-01-25,32285.798828,34802.742188,32087.787109,32366.392578,32366.392578,59897054838,35959.7298829,27873.564906624997,27873.564906624997,41520.53698443623,30398.922781363766,0.0,11121.614203072462,0,0,1,0,1,0,1,0,1,1,1,1,_,-
56,2021-01-26,32358.613281,32794.550781,31030.265625,32569.849609,32569.849609,60255421470,35747.004199300005,27955.95586631579,27955.95586631579,41482.01128092568,30011.997117674324,0.0,11470.014163251359,0,0,1,0,1,0,1,0,1,1,1,1,_,-
57,2021-01-27,32564.029297,32564.029297,29367.138672,30432.546875,30432.546875,62576762015,35300.079394600005,27998.655711293104,27998.655711293104,41225.72695681425,29374.431832385762,0.0,11851.295124428489,0,0,1,0,1,0,1,0,1,1,1,1,_,-
58,2021-01-28,30441.041016,33858.3125,30023.207031,33466.097656,33466.097656,76517157706,34933.50380865,28091.32421883051,28091.32421883051,40337.56885425608,29529.438763043912,0.0,10808.13009121217,0,0,1,0,1,0,1,0,1,1,1,1,_,-
59,2021-01-29,34318.671875,38406.261719,32064.814453,34316.386719,34316.386719,117894572511,34636.59580085,28195.0752605,28195.0752605,39459.952349399544,29813.23925230046,0.0,9646.713097099084,0,0,1,0,1,0,1,0,1,1,1,1,_,-
60,2021-01-30,34295.933594,34834.707031,32940.1875,34269.523438,34269.523438,65141828798,34432.24990245,28294.656378163934,28294.656378163934,38944.14945456184,29920.350350338158,0.0,9023.799104223683,0,0,1,0,1,0,1,0,1,1,1,1,_,-
61,2021-01-31,34270.878906,34288.332031,32270.175781,33114.359375,33114.359375,52754542671,34309.635058700005,28372.393523274193,28372.393523274193,38824.84175440196,29794.42836299805,0.0,9030.413391403912,0,0,1,0,1,0,1,0,1,1,1,1,_,-
62,2021-02-01,33114.578125,34638.214844,32384.228516,33537.175781,33537.175781,61400400660,34290.34580085,28454.374194031745,28454.374194031745,38815.2809932097,29765.410608490303,0.0,9049.870384719397,0,0,1,0,1,0,1,0,1,1,1,1,_,-
63,2021-02-02,33533.199219,35896.882813,33489.21875,35510.289063,35510.289063,63088585433,34200.04228525,28564.622863859375,28564.622863859375,38548.45812066885,29851.626449831143,0.0,8696.83167083771,0,0,1,0,1,0,1,0,1,1,1,1,_,-
64,2021-02-03,35510.820313,37480.1875,35443.984375,37472.089844,37472.089844,61166818159,34114.280371199995,28701.6608174,28701.6608174,38120.02061365027,30108.540128749726,0.0,8011.480484900541,0,0,1,0,1,0,1,0,1,1,1,1,_,-
65,2021-02-04,37475.105469,38592.175781,36317.5,36926.066406,36926.066406,68838074392,34119.3153321,28826.27302328788,28826.27302328788,38138.90278383114,30099.727880368864,0.0,8039.1749034622735,0,0,1,0,1,0,1,0,1,1,1,1,_,-
66,2021-02-05,36931.546875,38225.90625,36658.761719,38144.308594,38144.308594,58598066402,34217.623730549996,28965.3481810597,28965.3481810597,38520.040138991,29915.207322109,0.0,8604.832816881997,0,0,1,0,1,0,1,0,1,1,1,1,_,-
67,2021-02-06,38138.386719,40846.546875,38138.386719,39266.011719,39266.011719,71326033653,34391.3604493,29116.828527205882,29116.828527205882,39186.359539937526,29596.361358662478,0.0,9589.998181275048,0,0,1,0,1,0,1,0,1,1,1,1,_,-
68,2021-02-07,39250.191406,39621.835938,37446.152344,38903.441406,38903.441406,65500641143,34505.02880864999,29258.66349646377,29258.66349646377,39605.00344966337,29405.05416763662,0.0,10199.949282026748,0,0,1,0,1,0,1,0,1,1,1,1,_,-
69,2021-02-08,38886.828125,46203.929688,38076.324219,46196.464844,46196.464844,101467222687,35011.36181645,29500.632087142854,29500.632087142854,42210.83953938556,27811.884093514444,0.0,14398.955445871117,0,0,1,0,1,0,1,0,1,1,0,0,_,-
70,2021-02-09,46184.992188,48003.722656,45166.960938,46481.105469,46481.105469,91809846886,35558.0295899,29739.793684070424,29739.793684070424,44326.75574021865,26789.30343958135,0.0,17537.452300637302,0,0,1,0,1,0,1,0,1,1,1,1,_,-
71,2021-02-10,46469.761719,47145.566406,43881.152344,44918.183594,44918.183594,87301089896,36262.65380865,29950.604655041665,29950.604655041665,45640.71776604075,26884.589851259254,0.0,18756.127914781493,0,0,1,0,1,0,1,0,1,1,1,1,_,-
72,2021-02-11,44898.710938,48463.46875,44187.761719,47909.332031,47909.332031,81388911810,37007.83232425,30196.614619095893,30196.614619095893,47530.87717898342,26484.787469516574,0.0,21046.089709466847,0,0,1,0,1,0,1,0,1,1,1,1,_,-
73,2021-02-12,47877.035156,48745.734375,46424.976563,47504.851563,47504.851563,76555041196,37779.6927735,30430.50971293243,30430.50971293243,48982.71854496963,26576.667002030365,0.0,22406.05154293927,0,0,1,0,1,0,1,0,1,1,1,1,_,-
74,2021-02-13,47491.203125,48047.746094,46392.28125,47105.515625,47105.515625,70250456155,38520.499609449995,30652.84312509333,30652.84312509333,50125.58868546449,26915.410533435494,0.0,23210.178152029,0,0,1,0,1,0,1,0,1,1,1,1,_,-
75,2021-02-14,47114.507813,49487.640625,47114.507813,48717.289063,48717.289063,71248675228,39338.04443369999,30890.533203223684,30890.533203223684,51388.972641298635,27287.116226101352,0.0,24101.856415197282,0,0,1,0,1,0,1,0,1,1,1,1,_,-
76,2021-02-15,48696.535156,48875.570313,46347.476563,47945.058594,47945.058594,77069903166,40106.80488295,31112.02054596104,31112.02054596104,52293.49214674216,27920.117619157834,0.0,24373.374527584325,0,0,1,0,1,0,1,0,1,1,1,1,_,-
77,2021-02-16,47944.457031,50341.101563,47201.304688,49199.871094,49199.871094,77049582886,41045.1710939,31343.916065807694,31343.916065807694,52995.557652706135,29094.78453509386,0.0,23900.773117612276,0,0,1,0,1,0,1,0,1,1,1,1,_,-
78,2021-02-17,49207.277344,52533.914063,49072.378906,52149.007813,52149.007813,80820545404,41979.31660175,31607.271657544305,31607.271657544305,54328.07341071743,29630.559792782566,0.0,24697.513617934863,0,0,1,0,1,0,1,0,1,1,1,1,_,-
79,2021-02-18,52140.972656,52474.105469,51015.765625,51679.796875,51679.796875,52054723579,42847.48710955,31858.1782227625,31858.1782227625,55359.58842121299,30335.385797887007,0.0,25024.202623325982,0,0,1,0,1,0,1,0,1,1,1,1,_,-
80,2021-02-19,51675.980469,56113.652344,50937.277344,55888.132813,55888.132813,63495496918,43928.4175783,32154.844328814812,32154.844328814812,57011.78230006504,30845.052856534967,0.0,26166.729443530072,0,0,1,0,1,0,1,0,1,1,1,1,_,-
81,2021-02-20,55887.335938,57505.226563,54626.558594,56099.519531,56099.519531,68145460026,45077.6755861,32446.852562987802,32446.852562987802,58197.4938071154,31957.857365084594,0.0,26239.63644203081,0,0,1,0,1,0,1,0,1,1,1,1,_,-
82,2021-02-21,56068.566406,58330.570313,55672.609375,57539.945313,57539.945313,51897585191,46277.8140627,32749.178981662648,32749.178981662648,59346.60539546386,33209.02272993614,0.0,26137.58266552772,0,0,1,0,1,0,1,0,1,1,0,0,_,-
83,2021-02-22,57532.738281,57533.390625,48967.566406,54207.320313,54207.320313,92052420332,47212.6656252,33004.633045130955,33004.633045130955,59730.054013940106,34695.2772364599,0.0,25034.776777480205,0,0,1,0,1,0,1,0,1,1,1,1,_,-
84,2021-02-23,54204.929688,54204.929688,45290.589844,48824.425781,48824.425781,106102492824,47780.282422050004,33190.74825378823,33190.74825378823,59482.421013453095,36078.14383064691,0.0,23404.27718280618,0,0,1,0,1,0,1,0,1,1,1,1,_,-
85,2021-02-24,48835.085938,51290.136719,47213.5,49705.332031,49705.332031,63695521388,48419.2457033,33382.7782977093,33382.7782977093,59025.155067801985,37813.33633879802,0.0,21211.818729003964,0,0,1,0,1,0,1,0,1,1,1,1,_,-
86,2021-02-25,49709.082031,51948.96875,47093.851563,47093.851563,47093.851563,54506565949,48866.72285175,33540.37684098851,33540.37684098851,58401.96472911764,39331.48097438236,0.0,19070.48375473528,0,0,1,0,1,0,1,0,1,1,1,1,_,-
87,2021-02-26,47180.464844,48370.785156,44454.84375,46339.761719,46339.761719,350967941479,49220.41035175,33685.82439642045,33685.82439642045,57779.781469517024,40661.03923398297,0.0,17118.742235534053,0,0,1,0,1,0,1,0,1,1,1,1,_,-
88,2021-02-27,46344.773438,48253.269531,45269.027344,46188.453125,46188.453125,45910946382,49584.6609377,33826.30337089888,33826.30337089888,56884.16114344416,42285.16073195584,0.0,14599.00041148832,0,0,1,0,1,0,1,0,1,1,1,1,_,-
89,2021-02-28,46194.015625,46716.429688,43241.617188,45137.769531,45137.769531,53443887451,49531.726172049996,33951.98632823333,33951.98632823333,56943.23674538962,42120.21559871037,0.0,14823.021146679253,0,0,1,0,1,0,1,0,1,1,1,1,_,-
90,2021-03-01,45159.503906,49784.015625,45115.09375,49631.242188,49631.242188,53891300112,49689.233007999996,34124.28584317583,34124.28584317583,56967.418133287196,42411.047882712795,0.0,14556.3702505744,0,0,1,0,1,0,1,0,1,1,1,1,_,-
91,2021-03-02,49612.105469,50127.511719,47228.84375,48378.988281,48378.988281,47530897720,49862.27324235,34279.22826097826,34279.22826097826,56836.72467410408,42887.82181059592,0.0,13948.902863508163,0,0,1,0,1,0,1,0,1,1,1,1,_,-
92,2021-03-03,48415.816406,52535.136719,48274.320313,50538.242188,50538.242188,53220811975,49993.7187502,34454.056367720426,34454.056367720426,56914.878480755244,43072.55901964476,0.0,13842.319461110485,0,0,1,0,1,0,1,0,1,1,1,1,_,-
93,2021-03-04,50522.304688,51735.089844,47656.929688,48561.167969,48561.167969,52343816680,50046.5345705,34604.13202305319,34604.13202305319,56906.77088898079,43186.29825201921,0.0,13720.472636961582,0,0,1,0,1,0,1,0,1,1,1,1,_,-
94,2021-03-05,48527.03125,49396.429688,46542.515625,48927.304688,48927.304688,48625928883,50137.62402365,34754.90226163158,34754.90226163158,56886.718022841334,43388.53002445867,0.0,13498.187998382666,0,0,1,0,1,0,1,0,1,1,1,1,_,-
95,2021-03-06,48899.230469,49147.21875,47257.527344,48912.382813,48912.382813,34363564661,50147.37871115,34902.376017375,34902.376017375,56888.79266661762,43405.96475568238,0.0,13482.827910935244,0,0,1,0,1,0,1,0,1,1,1,1,_,-
96,2021-03-07,48918.679688,51384.367188,48918.679688,51206.691406,51206.691406,43137459378,50310.46035175,35070.46174303093,35070.46174303093,56988.3840957279,43632.5366077721,0.0,13355.847487955805,0,0,1,0,1,0,1,0,1,1,1,1,_,-
97,2021-03-08,51174.117188,52314.070313,49506.054688,52246.523438,52246.523438,48597428048,50462.79296895,35245.72767869388,35245.72767869388,57171.356971792484,43754.22896610752,0.0,13417.128005684965,0,0,1,0,1,0,1,0,1,1,1,1,_,-
98,2021-03-09,52272.96875,54824.117188,51981.832031,54824.117188,54824.117188,50912227385,50596.5484377,35443.48918888889,35443.48918888889,57536.92555765734,43656.171317742665,0.0,13880.754239914677,0,0,1,0,1,0,1,0,1,1,1,1,_,-
99,2021-03-10,54824.011719,57258.253906,53290.890625,56008.550781,56008.550781,57295577614,50812.986133,35649.13980481,35649.13980481,58134.51069423959,43491.46157176041,0.0,14643.049122479177,0,0,1,0,1,0,1,0,1,1,1,1,_,-
100,2021-03-11,55963.179688,58091.0625,54484.59375,57805.121094,57805.121094,56772343595,50908.83554705,36039.16103528,35868.50595618811,58537.37020044212,43280.300893657884,170.65507909188455,15257.069306784237,1,0,1,0,1,0,1,0,1,1,1,1,_,-
101,2021-03-12,57821.21875,57996.621094,55376.648438,57332.089844,57332.089844,55689944702,50970.4640627,36420.471015749994,36078.93324920588,58783.424306464825,43157.50381893517,341.53776654411195,15625.920487529656,1,0,1,0,1,0,1,0,1,1,1,1,UP,-
102,2021-03-13,57343.371094,61683.863281,56217.972656,61243.085938,61243.085938,60669829814,51155.621093949994,36838.447890749994,36323.24541123301,59721.77253580148,42589.46965209851,515.2024795169855,17132.30288370297,1,0,1,0,1,0,1,0,1,1,1,1,UP,-
103,2021-03-14,61221.132813,61597.917969,59302.316406,59302.316406,59302.316406,43901225564,51410.3708986,37244.473398559996,36544.19801695192,60604.41875303403,42216.32304416597,700.2753816080731,18388.09570886806,1,0,1,0,1,0,1,0,1,1,1,1,UP,-
104,2021-03-15,59267.429688,60540.992188,55393.164063,55907.199219,55907.199219,66419369890,51764.5095705,37612.00308606,36728.60755220952,61077.711474907795,42451.3076660922,883.395533850482,18626.403808815594,1,0,1,0,1,0,1,0,1,1,1,1,UP,-
105,2021-03-16,55840.785156,56833.179688,53555.027344,56804.902344,56804.902344,59749798599,52119.48808615,37986.60089856,36918.00655967925,61630.7845361807,42608.1916361193,1068.59433888075,19022.592900061398,1,0,1,0,1,0,1,0,1,1,1,1,UP,-
106,2021-03-17,56825.828125,58969.816406,54528.628906,58870.894531,58870.894531,60258313191,52708.34023454999,38383.393535279996,37123.173736981305,62359.38505124285,43057.29541785714,1260.2197982986909,19302.08963338571,1,0,1,0,1,0,1,0,1,1,1,1,UP,-
107,2021-03-18,58893.078125,60116.25,54253.578125,57858.921875,57858.921875,55746041000,53284.29824235001,38778.77130872,37315.171404925924,62718.79321198465,43849.80327271536,1463.5999037940783,18868.98993926929,1,0,1,0,1,0,1,0,1,1,1,1,UP,-
108,2021-03-19,57850.441406,59498.375,56643.703125,58346.652344,58346.652344,49063873786,53892.2082033,39176.698672,37508.12077133945,62979.93396246478,44804.48244413522,1668.5779006605517,18175.45151832956,1,0,1,0,1,0,1,0,1,1,1,1,UP,-
109,2021-03-20,58332.261719,60031.285156,58213.296875,58313.644531,58313.644531,50361731222,54551.00195330001,39577.18519543,37697.26189642727,62883.61878117584,46218.385125424174,1879.9232990027303,16665.23365575167,1,0,1,0,1,0,1,0,1,1,1,1,UP,-
110,2021-03-21,58309.914063,58767.898438,56005.617188,57523.421875,57523.421875,51943414539,54945.61093765,39971.830371209995,37875.87595028829,63053.37801660655,46837.84385869346,2095.9544209217056,16215.53415791309,1,0,1,0,1,0,1,0,1,1,1,1,UP,-
111,2021-03-22,57517.890625,58471.480469,54288.15625,54529.144531,54529.144531,56521454974,55253.11875015,40329.08525402,38024.56584833036,62787.58787665289,47718.649623647114,2304.519405689636,15068.938253005777,1,0,1,0,1,0,1,0,1,1,1,1,UP,-
112,2021-03-23,54511.660156,55985.441406,53470.695313,54738.945313,54738.945313,56435023914,55463.1539064,40685.050879020004,38172.48071084955,62688.0157470315,48238.2920657685,2512.5701681704522,14449.723681263,1,0,1,0,1,0,1,0,1,1,1,1,UP,-
113,2021-03-24,54710.488281,57262.382813,52514.332031,52774.265625,52774.265625,70567223787,55673.8087892,41020.327089959996,38300.56654342982,62302.509171596226,49045.10840680377,2719.760546530175,13257.400764792459,1,0,1,0,1,0,1,0,1,1,1,1,UP,-
114,2021-03-25,52726.746094,53392.386719,50856.570313,51704.160156,51704.160156,67999812841,55812.651562600004,41343.1979298,38417.11953136521,61969.85206553881,49655.451059661194,2926.0783984347872,12314.401005877618,1,0,1,0,1,0,1,0,1,1,1,1,UP,-
115,2021-03-26,51683.011719,55137.3125,51579.855469,55137.3125,55137.3125,56652197978,56123.898046949995,41681.46507824,38561.259125922414,61424.0957172131,50823.70037668689,3120.205952317585,10600.395340526215,1,0,1,0,1,0,1,0,1,1,1,1,UP,-
116,2021-03-27,55137.566406,56568.214844,54242.910156,55973.511719,55973.511719,47266542233,56362.2390626,42013.14857434,38710.08179765812,61161.57324188617,51562.90488331382,3303.0667766818806,9598.668358572351,1,0,1,0,1,0,1,0,1,1,1,1,UP,-
117,2021-03-28,55974.941406,56610.3125,55071.113281,55950.746094,55950.746094,47686580918,56547.4501954,42341.276425899996,38856.18912220339,60968.13319486268,52126.76719593732,3485.0873036966077,8841.365998925365,1,0,1,0,1,0,1,0,1,1,1,1,UP,-
118,2021-03-29,55947.898438,58342.097656,55139.339844,57750.199219,57750.199219,57625587027,56693.75429694999,42680.08009778,39014.96231629411,61070.07287917093,52317.43571472905,3665.1177814858893,8752.637164441883,1,0,1,0,1,0,1,0,1,1,1,1,UP,-
119,2021-03-30,57750.132813,59447.222656,57251.550781,58917.691406,58917.691406,54414116432,56839.21132819999,43034.484062619995,39180.81839204167,61307.18758403215,52371.23507236783,3853.6656705783244,8935.95251166432,1,0,1,0,1,0,1,0,1,1,1,1,UP,-
120,2021-03-31,58930.277344,59930.027344,57726.417969,58918.832031,58918.832031,65520826225,56894.89687505,43395.64156262,39343.942471702474,61436.78815738353,52353.005592716465,4051.6990909175292,9083.782564667068,1,0,1,0,1,0,1,0,1,1,1,1,UP,-
121,2021-04-01,58926.5625,59586.070313,58505.277344,59095.808594,59095.808594,61669163792,56983.08281254999,43748.76935559,39505.84301368852,61622.93672433954,52343.22890076044,4242.926341901475,9279.707823579098,1,0,1,0,1,0,1,0,1,1,1,1,UP,-
122,2021-04-02,59098.878906,60267.1875,58869.28125,59384.3125,59384.3125,58727860620,56890.14414065001,44110.199023559995,39667.45658674797,61251.03274418256,52529.25553711746,4442.742436812026,8721.777207065097,1,0,1,0,1,0,1,0,1,1,1,1,UP,-
123,2021-04-03,59397.410156,60110.269531,57603.890625,57603.890625,57603.890625,59641344484,56805.22285160001,44448.87843761999,39812.10524834677,61039.21325219424,52571.23245100578,4636.773189273219,8467.98080118846,1,0,1,0,1,0,1,0,1,1,1,1,UP,-
124,2021-04-04,57604.839844,58913.746094,57168.675781,58758.554688,58758.554688,50749662970,56947.79062505,44789.81607434,39963.676843864,61242.80915771028,52652.77209238972,4826.139230476001,8590.037065320561,1,0,1,0,1,0,1,0,1,1,1,1,UP,-
125,2021-04-05,58760.875,59891.296875,57694.824219,59057.878906,59057.878906,60706272115,57060.43945314999,45116.024492309996,40115.21813007143,61451.66209160893,52669.216814691055,5000.806362238567,8782.445276917875,1,0,1,0,1,0,1,0,1,1,1,1,UP,-
126,2021-04-06,59171.933594,59479.578125,57646.808594,58192.359375,58192.359375,66058027988,57026.51269535,45435.225136839996,40257.55782491338,61371.50189959995,52681.52349110005,5177.6673119266125,8689.978408499897,1,0,1,0,1,0,1,0,1,1,1,1,UP,-
127,2021-04-07,58186.507813,58731.144531,55604.023438,56048.9375,56048.9375,75645303584,56936.0134766,45724.8664259,40380.927978625,61283.27932937583,52588.747623824165,5343.9384472750025,8694.531705551664,1,0,1,0,1,0,1,0,1,1,1,1,UP,-
128,2021-04-08,56099.914063,58338.738281,55879.085938,58323.953125,58323.953125,53053855641,56934.878515649994,46034.48158215,40520.02119681395,61280.68225406727,52589.074777232716,5514.460385336053,8691.607476834557,1,0,1,0,1,0,1,0,1,1,1,1,UP,-
129,2021-04-09,58326.5625,58937.046875,57807.863281,58245.003906,58245.003906,46655208546,56931.446484399996,46328.522089959995,40656.367217653846,61272.99569869651,52589.89727010348,5672.15487230615,8683.098428593032,1,0,1,0,1,0,1,0,1,1,1,1,UP,-
130,2021-04-10,58253.777344,61276.664063,58038.707031,59793.234375,59793.234375,58238470525,57044.937109399994,46636.43722668,40802.45017305343,61557.74201387447,52532.13220492552,5833.987053626566,9025.609808948953,1,0,1,0,1,0,1,0,1,1,1,1,UP,-
131,2021-04-11,59846.230469,60790.554688,59289.796875,60204.964844,60204.964844,46280252580,57328.72812505,46944.74535168,40949.438920560606,61886.64117169492,52770.81507840508,5995.306431119396,9115.826093289841,1,0,1,0,1,0,1,0,1,1,1,1,UP,-
132,2021-04-12,60175.945313,61253.035156,59589.875,59893.453125,59893.453125,51828688519,57586.45351564999,47222.407207150005,41091.87511758646,62112.27384961069,53060.63318168929,6130.532089563545,9051.640667921398,1,0,1,0,1,0,1,0,1,1,1,1,UP,-
133,2021-04-13,59890.019531,63742.285156,59869.957031,63503.457031,63503.457031,69983454362,58122.91308594999,47529.62154307999,41259.1257288806,62781.52338025188,53464.30279164811,6270.495814199392,9317.22058860377,1,0,1,0,1,0,1,0,1,1,1,1,UP,-
134,2021-04-14,63523.753906,64863.097656,61554.796875,63109.695313,63109.695313,77451779687,58693.1898438,47840.999355579996,41420.98179987408,62832.6715882767,54553.708099323296,6420.017555705919,8278.963488953406,1,0,1,0,1,0,1,0,1,1,1,1,UP,-
135,2021-04-15,63075.195313,63821.671875,62208.964844,63314.011719,63314.011719,60954381579,59102.024804750006,48134.21517589,41581.959961044115,63369.13989990637,54834.909709593645,6552.255214845885,8534.230190312723,1,0,1,0,1,0,1,0,1,1,1,1,UP,-
136,2021-04-16,63258.503906,63594.722656,60222.53125,61572.789063,61572.789063,84293007468,59381.98867194999,48381.699433710004,41727.87842164234,63524.23064291068,55239.7467009893,6653.821012067667,8284.483941921382,1,0,1,0,1,0,1,0,1,1,1,1,UP,-
137,2021-04-17,61529.921875,62572.175781,60361.351563,60683.820313,60683.820313,66138759198,59618.6423829,48594.827207149996,41865.2403194058,63481.07900101337,55756.205764786624,6729.586887744197,7724.873236226747,1,0,1,0,1,0,1,0,1,1,1,1,UP,-
138,2021-04-18,60701.886719,61057.457031,52829.535156,56216.183594,56216.183594,97468872758,59541.941601649996,48749.01294934,41968.484515625896,63605.43932900918,55478.44387429081,6780.528433714106,8126.995454718373,1,0,1,0,1,0,1,0,1,1,1,1,UP,-
139,2021-04-19,56191.585938,57520.054688,54368.59375,55724.265625,55724.265625,65344865159,59382.2703126,48903.710136839996,42066.740094978566,63769.41362109244,54995.127004107555,6836.97004186143,8774.286616984886,1,0,1,0,1,0,1,0,1,1,1,1,UP,-
140,2021-04-20,55681.792969,57062.148438,53448.046875,56473.03125,56473.03125,67849323955,59259.98027354999,49084.87603528,42168.91237267375,63824.73507212874,54695.225474971245,6915.963662606249,9129.509597157492,1,0,1,0,1,0,1,0,1,1,1,1,UP,-
141,2021-04-21,56471.128906,56757.972656,53695.46875,53906.089844,53906.089844,54926612466,59000.494336050004,49268.27037122,42251.5685520493,64128.368422097636,53872.62025000237,7016.701819170703,10255.748172095264,1,0,1,0,1,0,1,0,1,1,1,1,UP,-
142,2021-04-22,53857.105469,55410.230469,50583.8125,51762.273438,51762.273438,74798630778,58619.39238295001,49446.66349622,42318.07697782518,64632.96394442081,52605.82082147922,7128.586518394819,12027.14312294159,1,0,1,0,1,0,1,0,1,1,1,1,UP,-
143,2021-04-23,51739.808594,52120.792969,47714.664063,51093.652344,51093.652344,86668667320,58293.8804689,49584.436425910004,42379.01847342361,65139.339895619836,51448.42104218017,7205.417952486394,13690.918853439667,1,0,1,0,1,0,1,0,1,1,1,1,UP,-
144,2021-04-24,51143.226563,51167.5625,48805.285156,50050.867188,50050.867188,49014494781,57858.4960939,49693.071816539996,42431.927774903445,65581.73024228177,50135.26194551823,7261.144041636551,15446.468296763545,1,0,1,0,1,0,1,0,1,1,1,1,UP,-
145,2021-04-25,50052.832031,50506.019531,47159.484375,49004.253906,49004.253906,46117114240,57355.8148439,49814.86068372,42476.94370730822,65959.84930877341,48751.78037902659,7337.916976411776,17208.06892974682,1,0,1,0,1,0,1,0,1,1,0,1,UP,-
146,2021-04-26,49077.792969,54288.003906,48852.796875,54021.753906,54021.753906,58284039825,57147.28457045,49993.296816530004,42555.479831108845,65861.56599177055,48433.00314912945,7437.816985421159,17428.5628426411,1,0,1,0,1,0,1,0,1,1,1,1,UP,-
147,2021-04-27,54030.304688,55416.964844,53319.1875,55033.117188,55033.117188,49448222757,57096.49355485001,50185.71521496999,42639.78819162838,65847.55344881026,48345.43366088976,7545.92702334161,17502.1197879205,1,0,1,0,1,0,1,0,1,1,1,1,UP,-
148,2021-04-28,55036.636719,56227.207031,53887.917969,54824.703125,54824.703125,48000572955,56921.531054850006,50367.661504029995,42721.566144201344,65707.28524639302,48135.77686330699,7646.0953598286505,17571.508383086024,1,0,1,0,1,0,1,0,1,1,1,1,UP,-
149,2021-04-29,54858.089844,55115.84375,52418.027344,53555.109375,53555.109375,46088929780,56687.036328300004,50542.51455089999,42793.78976574,65568.8023978868,47805.270258713215,7748.72478515999,17763.532139173585,1,0,1,0,1,0,1,0,1,1,1,1,UP,-
150,2021-04-30,53568.664063,57900.71875,53129.601563,57750.175781,57750.175781,52395931985,56584.8833986,50764.53880871,42892.83867974835,65367.843461630626,47801.92333556938,7871.700128961653,17565.920126061246,1,0,1,0,1,0,1,0,1,1,1,1,UP,-
151,2021-05-01,57714.664063,58448.339844,57052.273438,57828.050781,57828.050781,42836427360,56466.037695449995,51034.56232433001,42991.096654098685,65113.117280953345,47818.958109946645,8043.465670231322,17294.1591710067,1,0,1,0,1,0,1,0,1,1,1,1,UP,-
152,2021-05-02,57825.863281,57902.59375,56141.90625,56631.078125,56631.078125,38177405335,56302.91894545,51270.81548839,43080.24685979085,64807.127716109164,47798.71017479084,8190.568628599147,17008.417541318326,1,0,1,0,1,0,1,0,1,1,1,1,UP,-
153,2021-05-03,56620.273438,58973.308594,56590.871094,57200.292969,57200.292969,51713139031,55987.76074235,51522.14199230001,43171.93547088961,63843.699535795924,48131.82194890408,8350.206521410393,15711.877586891846,1,0,1,0,1,0,1,0,1,1,1,1,UP,-
154,2021-05-04,57214.179688,57214.179688,53191.425781,53333.539063,53333.539063,68564706967,55498.95292984999,51732.583593870004,43237.49420374193,62711.76307257708,48286.1427871229,8495.089390128072,14425.620285454177,1,0,1,0,1,0,1,0,1,1,1,1,UP,-
155,2021-05-05,53252.164063,57911.363281,52969.054688,57424.007813,57424.007813,69241316747,55204.452734549996,51983.15974622,43328.43339354487,61545.10310970502,48863.80235939497,8654.726352675134,12681.300750310053,1,0,1,0,1,0,1,0,1,1,1,1,UP,-
156,2021-05-06,57441.308594,58363.316406,55382.507813,56396.515625,56396.515625,69523285106,54945.63906265,52221.42640638,43411.66958610191,60612.116838253685,49279.161287046314,8809.75682027809,11332.955551207371,1,0,1,0,1,0,1,0,1,1,1,1,UP,-
157,2021-05-07,56413.953125,58606.632813,55321.847656,57356.402344,57356.402344,68434023376,54779.268164199995,52490.66496107,43499.92738836709,59934.38837476479,49624.1479536352,8990.737572702907,10310.240421129594,1,0,1,0,1,0,1,0,1,1,1,1,UP,-
158,2021-05-08,57352.765625,59464.613281,56975.210938,58803.777344,58803.777344,65382980634,54908.6478517,52744.04175795,43596.178017018865,60324.799401315526,49492.49630208447,9147.863740931134,10832.303099231052,1,0,1,0,1,0,1,0,1,1,1,1,UP,-
159,2021-05-09,58877.390625,59210.882813,56482.003906,58232.316406,58232.316406,65906690347,55034.050390749995,52983.20105482,43687.65388195,60632.98801163361,49435.11276986638,9295.54717287,11197.875241767237,1,0,1,0,1,0,1,0,1,1,1,1,UP,-
160,2021-05-10,58250.871094,59519.355469,54071.457031,55859.796875,55859.796875,71776546298,55003.388671999994,53199.10378919,43763.25725457764,60577.128905196354,49429.64843880363,9435.846534612356,11147.48046639272,1,0,1,0,1,0,1,0,1,1,1,1,UP,-
161,2021-05-11,55847.242188,56872.542969,54608.652344,56704.574219,56704.574219,61308396325,55143.31289074999,53435.005937630005,43843.14192719753,60740.29945037821,49546.326331121774,9591.864010432473,11193.973119256436,1,0,1,0,1,0,1,0,1,1,1,1,UP,-
162,2021-05-12,56714.53125,57939.363281,49150.535156,49150.535156,49150.535156,75215403907,55012.72597665,53591.139531379995,43875.70262185276,61025.582055048595,48999.8698982514,9715.436909527234,12025.712156797192,1,0,1,0,1,0,1,0,1,1,1,1,UP,-
163,2021-05-13,49735.433594,51330.84375,46980.019531,49716.191406,49716.191406,96721152926,54943.852929750006,53733.198554810006,43911.31535834146,61162.71876663453,48724.987092865485,9821.883196468545,12437.731673769042,1,0,1,0,1,0,1,0,1,1,1,1,UP,-
164,2021-05-14,49682.980469,51438.117188,48868.578125,49880.535156,49880.535156,55737497453,54935.33632814999,53857.28300793,43947.49244802424,61181.389293740256,48689.28336255973,9909.790559905756,12492.10593118053,1,0,1,0,1,0,1,0,1,1,1,1,UP,-
165,2021-05-15,49855.496094,50639.664063,46664.140625,46760.1875,46760.1875,59161047474,54823.133007849996,53955.62421887,43964.43639412048,61553.20605659371,48093.05995910628,9991.187824749519,13460.146097487435,1,0,1,0,1,0,1,0,1,1,1,1,UP,-
166,2021-05-16,46716.636719,49720.042969,43963.351563,46456.058594,46456.058594,64047871555,54444.848242249995,54038.74171887,43979.35628753293,62099.5612311406,46790.13525335939,10059.385431337068,15309.425977781211,1,0,1,0,1,0,1,0,1,1,1,1,UP,-
167,2021-05-17,46415.898438,46623.558594,42207.289063,43537.511719,43537.511719,74903638450,53870.0679688,54081.45671887,43976.72626033929,62869.95282512341,44870.183112476596,10104.730458530714,17999.769712646812,1,0,1,0,1,0,0,1,1,1,1,1,UP,SELL
168,2021-05-18,43488.058594,45812.457031,42367.832031,42909.402344,42909.402344,56187365084,53274.30292974999,54121.51632825,43970.4107342071,63444.02052816471,43104.58533133527,10151.1055940429,20339.435196829436,1,0,1,0,1,0,0,1,1,1,1,0,UP,-
169,2021-05-19,42944.976563,43546.117188,30681.496094,37002.441406,37002.441406,126358098747,52446.6695313,54029.576093870004,43929.422679335294,64841.110740982134,40052.22832161787,10100.15341453471,24788.882419364265,1,0,1,0,0,1,0,1,1,1,1,1,UP,SELL
170,2021-05-20,36753.667969,42462.984375,35050.617188,40782.738281,40782.738281,88281943359,51598.2976563,53972.59242199,43911.02101618713,64725.645304676116,38470.95000792388,10061.571405802868,26254.695296752237,1,0,1,0,0,1,0,1,1,1,1,1,UP,SELL
171,2021-05-21,40596.949219,42172.171875,33616.453125,37304.691406,37304.691406,82051616861,50572.12968755,53896.45750011,43872.61212310465,64757.14447815748,36387.11489694251,10023.845377005353,28370.02958121497,1,0,1,0,0,1,0,1,1,1,1,1,UP,SELL
172,2021-05-22,37371.03125,38831.054688,35383.683594,37536.632813,37536.632813,57377273240,49617.407421949996,53792.73050793,43835.98796524278,64591.0953682032,34643.719475696795,9956.742542687221,29947.375892506403,1,0,1,0,0,1,0,1,1,1,1,1,UP,SELL
173,2021-05-23,37531.449219,38289.21875,31227.339844,34770.582031,34770.582031,78469274361,48495.92187505,53665.387812609995,43783.88793113793,64363.058528463094,32628.785221636906,9881.499881472067,31734.273306826188,1,0,1,0,0,1,0,1,1,1,1,1,UP,SELL
174,2021-05-24,34700.363281,39835.140625,34551.082031,38705.980469,38705.980469,67359584098,47764.54394535,53581.392461049996,43754.87131706857,64016.142433167275,31512.945457532725,9826.521143981423,32503.19697563455,1,0,1,0,0,1,0,1,1,1,1,1,UP,SELL
175,2021-05-25,38795.78125,39776.351563,36581.429688,38402.222656,38402.222656,56211915803,46813.4546875,53478.24179698,43724.45854058523,62918.29041614219,30708.618958857813,9753.783256394774,32209.671457284378,1,0,1,0,0,1,0,1,1,1,1,1,UP,SELL
176,2021-05-26,38392.625,40782.078125,37905.835938,39294.199219,39294.199219,51346735160,45958.3388672,53391.73320323,43699.42882690395,61750.16177514151,30166.51595925849,9692.304376326043,31583.64581588302,1,0,1,0,0,1,0,1,1,1,1,1,UP,SELL
177,2021-05-27,39316.890625,40379.617188,37247.902344,38436.96875,38436.96875,43210968721,45012.3671875,53284.10417979,43669.86444444944,60215.434396598226,29809.299978401774,9614.239735340561,30406.134418196452,1,0,1,0,0,1,0,1,1,1,1,1,UP,SELL
178,2021-05-28,38507.082031,38856.96875,34779.039063,35697.605469,35697.605469,55200191952,43857.05859375,53119.59015635001,43625.326684810054,58178.60387108343,29535.513316416567,9494.263471539954,28643.090554666866,1,0,1,0,0,1,0,1,1,1,1,1,UP,SELL
179,2021-05-29,35684.15625,37234.5,33693.929688,34616.066406,34616.066406,45231013335,42676.24609375,52948.95285166,43575.27523881667,55915.54238846169,29436.94979903831,9373.677612843327,26478.59258942338,1,0,1,0,0,1,0,1,1,1,1,1,UP,SELL
180,2021-05-30,34607.40625,36400.667969,33520.738281,35678.128906,35678.128906,31646080921,41667.1626953,52746.852812590005,43531.64459609392,53760.11501280269,29574.210377797306,9215.208216496081,24185.904635005387,1,0,1,0,0,1,0,1,1,1,1,1,UP,SELL
181,2021-05-31,35658.59375,37468.25,34241.945313,37332.855469,37332.855469,39009847639,40698.576757799994,52559.186171969995,43497.58531517583,50749.415311864665,30647.738203735324,9061.600856794168,20101.67710812934,1,0,1,0,0,1,0,1,0,1,1,1,UP,SELL
182,2021-06-01,37293.792969,37896.734375,35787.085938,36684.925781,36684.925781,34639423297,40075.296289050006,52350.635976649995,43460.35766744809,49477.434351677286,30673.158226422725,8890.278309201909,18804.27612525456,1,0,1,0,0,1,0,1,1,1,1,1,UP,SELL
183,2021-06-02,36699.921875,38231.339844,35966.308594,37575.179688,37575.179688,33070867190,39468.24570315,52184.314570400005,43428.3730045163,47810.122192639734,31126.36921366027,8755.941565883702,16683.752978979464,1,0,1,0,0,1,0,1,1,1,1,1,UP,SELL
184,2021-06-03,37599.410156,39478.953125,37243.972656,39208.765625,39208.765625,35460750427,38934.6572266,52088.15796884,43405.56431597838,45774.127116063566,32095.187337136435,8682.593652861622,13678.939778927132,1,0,1,0,0,1,0,1,1,1,1,1,UP,SELL
185,2021-06-04,39242.484375,39242.484375,35717.722656,36894.40625,36894.40625,41831090187,38441.3681641,51960.04871103,43370.558089817205,44305.64578113636,32577.090547063643,8589.490621212797,11728.555234072715,1,0,1,0,0,1,0,1,1,1,1,1,UP,SELL
186,2021-06-05,36880.15625,37917.714844,34900.414063,35551.957031,35551.957031,35959473399,37896.16308595,51844.62976571,43328.74738896792,42589.07736840836,33203.24880349164,8515.882376742084,9385.828564916723,1,0,1,0,0,1,0,1,1,0,1,1,UP,SELL
187,2021-06-06,35538.609375,36436.421875,35304.578125,35862.378906,35862.378906,28913440585,37512.4064453,51739.85593758,43289.03266299468,41499.46809063855,33525.34479996146,8450.823274585324,7974.123290677089,1,0,1,0,0,1,0,1,1,1,1,1,UP,SELL
188,2021-06-07,35835.265625,36790.570313,33480.640625,33560.707031,33560.707031,33683936663,37044.97167965,51613.578476639996,43237.56004060317,40555.00760955947,33534.93574974053,8376.018436036822,7020.071859818941,1,0,1,0,0,1,0,1,1,1,1,1,UP,SELL
189,2021-06-08,33589.519531,34017.386719,31114.443359,33472.632813,33472.632813,49902050442,36868.48125,51496.927109460004,43186.16568677368,40708.7567574374,33028.2057425626,8310.761422686322,7680.5510148748,1,0,1,0,0,1,0,1,1,1,1,1,UP,SELL
190,2021-06-09,33416.976563,37537.371094,32475.865234,37345.121094,37345.121094,53972919008,36696.60039065,51374.065898520006,43155.5843014712,40104.048019155984,33289.15276214401,8218.481597048805,6814.895257011973,1,0,1,0,0,1,0,1,1,1,1,1,UP,SELL
191,2021-06-10,37389.515625,38334.324219,35847.59375,36702.597656,36702.597656,43576032854,36666.49570315,51257.30199227,43121.974996026045,40062.541407939854,33270.44999836015,8135.326996243952,6792.091409579705,1,0,1,0,0,1,0,1,1,1,1,1,UP,SELL
192,2021-06-11,36697.03125,37608.695313,36044.449219,37334.398438,37334.398438,38699736985,36656.3839844,51125.26355477,43091.98755272021,40043.19790551432,33269.57006328569,8033.276002049788,6773.627842228627,1,0,1,0,0,1,0,1,1,1,1,1,UP,SELL
193,2021-06-12,37340.144531,37408.925781,34728.191406,35552.515625,35552.515625,37924228550,36695.480664099996,50995.17703133,43053.12429536082,40011.63048042116,33379.33084777883,7942.052735969177,6632.299632642331,1,0,1,0,0,1,0,1,1,1,1,1,UP,SELL
194,2021-06-13,35555.789063,39322.78125,34864.109375,39097.859375,39097.859375,40669112838,36715.0746094,50896.8825782,43032.840885512815,40082.740969735256,33347.40824906474,7864.041692687184,6735.332720670514,1,0,1,0,0,1,0,1,1,1,1,1,UP,SELL
195,2021-06-14,39016.96875,40978.363281,38757.285156,40218.476563,40218.476563,43148914673,36805.887304749995,50809.9435157,43018.48188386735,40438.19514900759,33173.5794604924,7791.461631832644,7264.615688515187,1,0,1,0,0,1,0,1,1,1,1,1,UP,SELL
196,2021-06-15,40427.167969,41295.269531,39609.46875,40406.269531,40406.269531,46420149185,36861.49082035,50701.93929695,43005.221922685276,40674.03648829506,33048.945152404944,7696.717374264721,7625.091335890116,1,0,1,0,0,1,0,1,1,1,1,1,UP,SELL
197,2021-06-16,40168.691406,40516.777344,38176.035156,38347.0625,38347.0625,39211635100,36856.995507850006,50562.94468757,42981.695864994945,40662.30523775919,33051.685777940824,7581.248822575057,7610.619459818365,1,0,1,0,0,1,0,1,1,1,1,1,UP,SELL
198,2021-06-17,38341.421875,39513.671875,37439.675781,38053.503906,38053.503906,37096670047,36974.7904297,50395.23855475,42956.93108128141,40775.1021252085,33174.4787341915,7438.307473468594,7600.623391016998,1,0,1,0,0,1,0,1,1,1,1,1,UP,SELL
199,2021-06-18,38099.476563,38187.261719,35255.855469,35787.246094,35787.246094,36200887275,37033.349414100005,50193.02550788,42921.082656344995,40720.89451487607,33345.80431332394,7271.942851535001,7375.090201552128,1,0,1,0,0,1,0,1,1,1,1,1,UP,SELL
200,2021-06-19,35854.527344,36457.796875,34933.0625,35615.871094,35615.871094,31207279719,37030.236523499996,49971.13300788,43005.14702158,40722.454629514556,33338.01841748544,6965.985986300002,7384.436212029119,1,0,1,0,0,1,1,0,1,1,1,1,UP,-
201,2021-06-20,35563.140625,36059.484375,33432.074219,35698.296875,35698.296875,36664034054,36948.5085938,49754.79507819,43087.633046970004,40682.44133618084,33214.575851419155,6667.162031219996,7467.865484761685,1,0,1,0,0,1,1,0,1,1,1,1,UP,-
202,2021-06-21,35641.144531,35721.640625,31295.935547,31676.693359,31676.693359,52809038594,36698.0969727,49459.13115239999,43148.789521574996,41083.976793081434,32312.21715231856,6310.341630824994,8771.759640762873,1,0,1,0,0,1,1,0,1,1,1,1,UP,-
203,2021-06-22,31622.376953,33292.453125,28893.621094,32505.660156,32505.660156,58964353058,36444.6209961,49191.1645899,43217.818994229994,41171.18338228348,31718.058609916516,5973.345595670005,9453.124772366966,1,0,1,0,0,1,1,0,1,1,1,1,UP,-
204,2021-06-23,32515.714844,34753.410156,31772.632813,33723.027344,33723.027344,46317108925,36170.33408205,48969.32287114999,43290.662978604996,40859.979488809775,31480.68867529023,5678.659892544994,9379.290813519547,1,0,1,0,0,1,1,0,1,1,1,1,UP,-
205,2021-06-24,33682.800781,35228.851563,32385.214844,34662.4375,34662.4375,33123368116,36058.73564455,48747.89822271,43367.249560635,40780.26627726699,31337.205011833004,5380.648662075,9443.061265433982,1,0,1,0,0,1,1,0,1,1,1,1,UP,-
206,2021-06-25,34659.105469,35487.246094,31350.884766,31637.779297,31637.779297,40230904226,35863.026757850006,48475.56707036999,43429.480302824995,40961.77657865017,30764.276937049843,5046.086767544992,10197.499641600327,1,0,1,0,0,1,1,0,1,1,1,1,UP,-
207,2021-06-26,31594.664063,32637.587891,30184.501953,32186.277344,32186.277344,38585385521,35679.22167975,48218.840625059995,43498.805966889995,41023.92089249108,30334.52246700892,4720.03465817,10689.398425482159,1,0,1,0,0,1,1,0,1,1,1,1,UP,-
208,2021-06-27,32287.523438,34656.128906,32071.757813,34649.644531,34649.644531,35511640894,35733.66855475,47981.87054693,43579.284609464994,41012.71551263341,30454.621596866597,4402.585937465003,10558.093915766814,1,0,1,0,0,1,1,0,1,1,1,1,UP,-
209,2021-06-28,34679.121094,35219.890625,33902.074219,34434.335938,34434.335938,33892523752,35781.753711000005,47743.07746099999,43660.131328215,40994.64969876224,30568.857723237772,4082.946132784993,10425.791975524466,1,0,1,0,0,1,1,0,1,1,1,1,UP,-
210,2021-06-29,34475.558594,36542.109375,34252.484375,35867.777344,35867.777344,37901460044,35707.8865235,47526.52101569,43749.17569345,40871.714137965086,30544.05890903491,3777.3453222399985,10327.655228930176,1,0,1,0,0,1,1,0,1,1,1,1,UP,-
211,2021-06-30,35908.386719,36074.757813,34086.152344,35040.835938,35040.835938,34059036099,35624.7984376,47331.63792976001,43830.36159189001,40775.39086577148,30474.206009428523,3501.2763378699965,10301.184856342956,1,0,1,0,0,1,1,0,1,1,1,1,UP,-
212,2021-07-01,35035.984375,35035.984375,32883.78125,33572.117188,33572.117188,37838957079,35436.6843751,47119.96964850999,43902.510263765,40598.58406313295,30274.784687067047,3217.459384744994,10323.799376065901,1,0,1,0,0,1,1,0,1,1,1,1,UP,-
213,2021-07-02,33549.601563,33939.589844,32770.679688,33897.046875,33897.046875,38728974942,35353.9109376,46931.19746100999,43975.762275484994,40558.64109123377,30149.18078396623,2955.435185524999,10409.460307267538,1,0,1,0,0,1,1,0,1,1,1,1,UP,-
214,2021-07-03,33854.421875,34909.261719,33402.695313,34668.546875,34668.546875,24383958643,35132.4453126,46760.84132819999,44052.019628999995,40050.121865525856,30214.768759674145,2708.8216991999943,9835.353105851711,1,0,1,0,0,1,1,0,1,1,1,1,UP,-
215,2021-07-04,34665.566406,35937.566406,34396.476563,35287.78125,35287.78125,24924307911,34885.91054695,46562.34601569999,44121.905546969996,39218.54348676625,30553.277607133747,2440.4404687299975,8665.265879632501,1,0,1,0,0,1,1,0,1,1,1,1,UP,-
216,2021-07-05,35284.34375,35284.34375,33213.660156,33746.003906,33746.003906,26721554282,34552.8972657,46340.070937569995,44176.609755955,38087.45828182142,31018.336249578577,2163.461181614992,7069.122032242842,1,0,1,0,0,1,1,0,1,1,1,1,UP,-
217,2021-07-06,33723.507813,35038.535156,33599.917969,34235.195313,34235.195313,26501259870,34347.30390635,46122.91542976,44232.09592782999,37423.84352094392,31270.764291756073,1890.819501930011,6153.079229187846,1,0,1,0,0,1,1,0,1,1,1,1,UP,-
218,2021-07-07,34225.679688,34997.664063,33839.289063,33855.328125,33855.328125,24796027477,34137.395117299995,45883.96671882,44282.0234083,36704.50897291486,31570.28126168513,1601.9433105199932,5134.227711229731,1,0,1,0,0,1,1,0,1,1,1,1,UP,-
219,2021-07-08,33889.605469,33907.90625,32133.183594,32877.371094,32877.371094,29910396946,33991.9013673,45623.5635157,44329.02378915999,36497.60092657054,31486.20180802946,1294.5397265400097,5011.399118541085,1,0,1,0,0,1,1,0,1,1,1,1,UP,-
220,2021-07-09,32861.671875,34042.292969,32318.880859,33798.011719,33798.011719,27436021028,33901.008398549995,45372.35531258,44383.99843760001,36293.81997883621,31508.196818263783,988.3568749799961,4785.623160572428,1,0,1,0,0,1,1,0,1,1,1,1,UP,-
221,2021-07-10,33811.242188,34209.070313,33116.011719,33520.519531,33520.519531,22971873468,33792.11953135,45116.602421949996,44432.68588877,36041.79179621466,31542.447266485335,683.9165331799959,4499.344529729326,1,0,1,0,0,1,1,0,1,1,1,1,UP,-
222,2021-07-11,33509.078125,34584.703125,33346.738281,34240.1875,34240.1875,20108729370,33920.2942384,44865.16117195,44487.680097755,35955.10569894499,31885.482777855006,377.48107419499866,4069.6229210899874,1,0,1,0,0,1,1,0,1,1,1,1,UP,-
223,2021-07-12,34254.015625,34592.15625,32697.308594,33155.847656,33155.847656,24321499537,33952.8036134,44620.68074226,44534.77958993999,35915.676008683186,31989.931218116813,85.90115232000971,3925.744790566372,1,0,1,0,0,1,1,0,1,1,1,1,UP,-
224,2021-07-13,33125.46875,33327.101563,32261.419922,32702.025391,32702.025391,19120856669,33901.75351575,44360.11544929,44574.965761815,35937.62517079474,31865.881860705264,-214.85031252499903,4071.743310089474,0,1,1,0,0,1,1,0,1,1,1,1,_,-
225,2021-07-14,32723.845703,33061.398438,31639.125,32822.347656,32822.347656,21376531210,33809.74902355,44097.76013679,44606.892314549994,35866.01006405734,31753.48798304266,-509.1321777599951,4112.522081014675,0,1,1,0,0,1,1,0,1,1,1,1,DOWN,BUY
226,2021-07-15,32827.875,33159.640625,31175.708984,31780.730469,31780.730469,21300524237,33816.89658215,43833.64384773,44634.434492285,35843.691558624996,31790.101605675012,-800.7906445549961,4053.589952949984,0,1,1,0,0,1,1,0,1,1,1,1,DOWN,BUY
227,2021-07-16,31841.550781,32218.40625,31100.673828,31421.539063,31421.539063,23699476918,33778.6596681,43587.36986335999,44656.118144629996,35950.712461939205,31606.606874260797,-1068.7482812700036,4344.1055876784085,0,1,1,0,0,1,1,0,1,1,1,1,DOWN,BUY
228,2021-07-17,31397.308594,31935.945313,31223.990234,31533.068359,31533.068359,18895018942,33622.8308595,43319.4610157,44676.971298925004,35963.23595436858,31282.425764631414,-1357.510283225005,4680.810189737167,0,1,1,0,0,1,1,0,1,1,1,1,DOWN,BUY
229,2021-07-18,31533.884766,32398.996094,31215.492188,31796.810547,31796.810547,18787986667,33490.95458994999,43054.97908211,44691.750586035,35928.8004718817,31053.108708018284,-1636.771503924996,4875.691763863419,0,1,1,0,0,1,1,0,1,1,1,1,DOWN,BUY
230,2021-07-19,31800.011719,31885.859375,30563.734375,30817.832031,30817.832031,20434789545,33238.457324300005,42765.22505867001,44700.831142675,35685.35998472768,30791.55466387233,-1935.6060840049904,4893.8053208553465,0,1,1,0,0,1,1,0,1,1,1,1,DOWN,BUY
231,2021-07-20,30838.285156,31006.1875,29360.955078,29807.347656,29807.347656,23148267245,32976.782910199996,42461.248886789996,44702.997119235,35700.42525298023,30253.140567419756,-2241.748232445003,5447.284685560477,0,1,1,0,0,1,1,0,1,1,1,1,DOWN,BUY
232,2021-07-21,29796.285156,32752.326172,29526.183594,32110.693359,32110.693359,28203024559,32903.71171875,42183.42128912999,44702.91424814,35637.94061498027,30169.48282251973,-2519.4929590100073,5468.457792460536,0,1,1,0,0,1,0,1,1,1,1,1,DOWN,-
233,2021-07-22,32138.873047,32576.400391,31745.298828,32313.105469,32313.105469,19555230518,32824.51464845,41871.51777351,44700.569658295,35530.681523408835,30118.34777349116,-2829.051884784996,5412.333749917674,0,1,1,0,0,1,0,1,1,1,1,1,DOWN,-
234,2021-07-23,32305.958984,33581.550781,32057.892578,33581.550781,33581.550781,22552046192,32770.16484375,41576.23632819,44708.617841884996,35367.48140526633,30172.848282233663,-3132.3815136949925,5194.633123032665,0,1,1,0,0,1,1,0,1,1,1,1,DOWN,BUY
235,2021-07-24,33593.730469,34490.390625,33424.859375,34292.445313,34292.445313,21664706865,32720.3980469,41286.02066413,44710.117920009994,35155.95454923378,30284.84154456622,-3424.0972558799913,4871.113004667557,0,1,1,0,0,1,1,0,1,1,1,1,DOWN,BUY
236,2021-07-25,34290.292969,35364.925781,33881.835938,35350.1875,35350.1875,20856685287,32800.607226600005,41023.7946485,44702.747041104994,35461.24370381949,30139.970749380518,-3678.952392604995,5321.272954438973,0,1,1,0,0,1,0,1,1,1,1,1,DOWN,-
237,2021-07-26,35384.03125,40499.675781,35287.3125,37337.535156,37337.535156,51022126212,32955.72421875,40790.33179693,44692.57950204,36224.955894646046,29686.492542853957,-3902.2477051099995,6538.463351792088,0,1,1,0,0,1,0,1,1,1,1,1,DOWN,-
238,2021-07-27,37276.035156,39406.941406,36441.726563,39406.941406,39406.941406,35097370560,33233.3048828,40622.23937505,44685.626162195,37539.28384840704,28927.325917192968,-4063.3867871450057,8611.95793121407,0,1,1,0,0,1,0,1,1,1,1,1,DOWN,-
239,2021-07-28,39503.1875,40816.070313,38862.4375,39995.90625,39995.90625,38702404695,33589.2316406,40464.9557813,44684.33295907,38800.367515100625,28378.09576609938,-4219.377177770002,10422.271749001244,0,1,1,0,0,1,0,1,1,1,1,1,DOWN,-
240,2021-07-29,39995.453125,40593.070313,39352.058594,40008.421875,40008.421875,27167146027,33899.7521484,40300.30968755,44692.592861414996,39816.062484099595,27983.44181270041,-4392.283173864998,11832.620671399185,0,1,1,0,0,1,1,0,1,1,1,1,DOWN,BUY
241,2021-07-30,40027.484375,42235.546875,38397.355469,42235.546875,42235.546875,33072782960,34335.5035156,40183.604257859995,44725.93731454,41271.75194262607,27399.25508857393,-4542.333056680007,13872.49685405214,0,1,1,0,0,1,1,0,0,1,1,1,DOWN,BUY
242,2021-07-31,42196.304688,42231.449219,41110.832031,41626.195313,41626.195313,25802845343,34704.80390625,40082.243476610005,44764.453486415,42333.37070976256,27076.237102737443,-4682.210009804992,15257.133607025116,0,1,1,0,0,1,1,0,1,1,1,1,DOWN,BUY
243,2021-08-01,41460.84375,42541.679688,39540.941406,39974.894531,39974.894531,26688438115,35045.75625,39971.05589848,44777.746162195,42970.71400499133,27120.79849500867,-4806.690263714998,15849.91550998266,0,1,1,0,0,1,1,0,1,1,1,1,DOWN,BUY
244,2021-08-02,39907.261719,40419.179688,38746.347656,39201.945313,39201.945313,25595265436,35370.7522461,39862.56667973,44777.819248135005,43416.784340621336,27324.720151578655,-4915.252568405005,16092.064189042681,0,1,1,0,0,1,1,0,1,1,1,1,DOWN,BUY
245,2021-08-03,39178.402344,39750.03125,37782.050781,38152.980469,38152.980469,26189830450,35637.28388675,39754.05394536,44784.45731454,43681.14872835996,27593.41904514004,-5030.40336918,16087.729683219924,0,1,1,0,0,1,1,0,1,1,1,1,DOWN,BUY
246,2021-08-04,38213.332031,39952.296875,37589.164063,39747.503906,39747.503906,25372562724,36035.62255859999,39611.31144536,44802.304130945,44065.146060568266,28006.09905663172,-5190.992685584999,16059.047003936546,0,1,1,0,0,1,1,0,1,1,1,1,DOWN,BUY
247,2021-08-05,39744.515625,41341.933594,37458.003906,40869.554688,40869.554688,35185031017,36508.02333985,39469.67582036,44827.695517665,44507.774857341894,28508.271822358103,-5358.019697305004,15999.50303498379,0,1,1,0,0,1,1,0,1,1,1,1,DOWN,BUY
248,2021-08-06,40865.867188,43271.660156,39932.179688,42816.5,42816.5,38226483046,37072.1949219,39349.59378911,44858.62764657,45179.73500429721,28964.654839502793,-5509.033857460003,16215.080164794417,0,1,1,0,0,1,1,0,1,0,1,1,DOWN,-
249,2021-08-07,42832.796875,44689.859375,42618.566406,44555.800781,44555.800781,40030862141,37710.1444336,39259.60070317,44901.057627035,46061.1457591925,29359.1431080075,-5641.456923865,16702.002651184997,0,1,1,0,0,1,1,0,1,1,1,1,DOWN,BUY
250,2021-08-08,44574.4375,45282.351563,43331.910156,43798.117188,43798.117188,36302664750,38359.15869145,39120.080117239995,44942.30946297499,46481.11864660454,30237.19873629546,-5822.229345734995,16243.91991030908,0,1,1,0,0,1,1,0,1,1,1,1,DOWN,BUY
251,2021-08-09,43791.925781,46456.832031,42848.6875,46365.402344,46365.402344,38734079049,39187.06142585,39005.45363287,45020.007978600006,47024.014587010046,31350.108264689952,-6014.554345730008,15673.906322320094,0,1,1,0,0,1,1,0,1,1,1,1,DOWN,BUY
252,2021-08-10,46280.847656,46637.988281,44705.554688,45585.03125,45585.03125,33546019517,39860.7783204,38894.99316412,45082.904326255004,47461.70350124792,32259.85313955208,-6187.911162135002,15201.850361695837,0,1,1,0,0,1,1,0,1,1,1,1,DOWN,BUY
253,2021-08-11,45599.703125,46735.632813,45351.710938,45593.636719,45593.636719,34319709073,40524.8048829,38778.92660162,45150.53429696,47679.52350010315,33370.08626569686,-6371.607695340004,14309.437234406287,0,1,1,0,0,1,1,0,1,1,1,1,DOWN,BUY
254,2021-08-12,45576.878906,46228.910156,43861.445313,44428.289063,44428.289063,33723620826,41067.141797,38689.87410162,45211.228847745,47656.46372128926,34477.81987271073,-6521.354746124998,13178.643848578533,0,1,1,0,0,1,1,0,1,1,1,1,DOWN,BUY
255,2021-08-13,44439.691406,47831.976563,44282.417969,47793.320313,47793.320313,31744259539,41742.185546999994,38593.56722662,45288.36348642,48181.55043493875,35302.82065906124,-6694.796259800001,12878.72977587751,0,1,1,0,0,1,1,0,1,1,1,1,DOWN,BUY
256,2021-08-14,47810.6875,48098.683594,46177.632813,47096.945313,47096.945313,31211354442,42329.523437649994,38500.5715235,45360.99896494,48465.3786830571,36193.66819224289,-6860.427441439999,12271.710490814206,0,1,1,0,0,1,1,0,1,1,1,1,DOWN,BUY
257,2021-08-15,47096.667969,47357.105469,45579.589844,47047.003906,47047.003906,30988958446,42814.99687515,38397.47753912,45444.071250095,48829.38934251893,36800.604407781066,-7046.593710975001,12028.784934737865,0,1,1,0,0,1,1,0,1,1,1,1,DOWN,BUY
258,2021-08-16,47019.960938,47998.097656,45700.320313,46004.484375,46004.484375,32776876610,43144.8740236,38269.48460943,45506.763183690004,49098.80035044058,37190.947696759424,-7237.278574260003,11907.852653681155,0,1,1,0,0,1,1,0,1,1,1,1,DOWN,BUY
259,2021-08-17,45936.457031,47139.570313,44512.417969,44695.359375,44695.359375,33451362600,43379.84667985,38134.11503912,45558.658046970006,49187.25500593243,37572.438353767575,-7424.543007850007,11614.816652164853,0,1,1,0,0,1,1,0,1,1,1,1,DOWN,BUY
260,2021-08-18,44686.75,45952.0625,44364.027344,44801.1875,44801.1875,32194123075,43619.484961099995,38023.52894537,45611.31636728,49243.27606185606,37995.693860343934,-7587.787421909998,11247.582201512123,0,1,1,0,0,1,1,0,1,1,1,1,DOWN,BUY
261,2021-08-19,44741.882813,46970.761719,43998.316406,46717.578125,46717.578125,37204312299,43843.586523599995,37923.658984429996,45679.33246103,49584.90341338168,38102.26963381831,-7755.673476600001,11482.633779563374,0,1,1,0,0,1,1,0,1,1,0,1,DOWN,BUY
262,2021-08-20,46723.121094,49342.152344,46650.707031,49339.175781,49339.175781,34706867452,44229.235547,37925.545390679996,45758.34246103,50346.813045727395,38111.6580482726,-7832.797070350003,12235.154997454796,0,1,1,0,1,0,1,0,1,1,1,1,DOWN,BUY
263,2021-08-21,49327.074219,49717.019531,48312.199219,48905.492188,48905.492188,40585205312,44675.76542985,37917.4383985,45825.318476655,50789.74861973848,38561.78223996152,-7907.880078154994,12227.96637977696,0,1,1,0,0,1,1,0,1,1,1,1,DOWN,BUY
264,2021-08-22,48869.105469,49471.609375,48199.941406,49321.652344,49321.652344,25370975378,45181.7507814,37911.84957038,45884.566289155,51070.80991268693,39292.69165011307,-7972.716718775002,11778.118262573858,0,1,1,0,0,1,1,0,1,1,1,1,DOWN,BUY
265,2021-08-23,49291.675781,50482.078125,49074.605469,49546.148438,49546.148438,34305053719,45751.40917985,37939.70917976,45947.666699315,50977.48281578238,40525.33554391762,-8007.957519554999,10452.147271864756,0,1,1,0,1,0,1,0,1,1,1,1,DOWN,BUY
266,2021-08-24,49562.347656,49878.769531,47687.117188,47706.117188,47706.117188,35361168834,46149.33984395,37952.2097657,45995.475742285,50647.47849970702,41651.20118819299,-8043.265976585004,8996.27731151403,0,1,1,0,1,0,1,0,1,1,1,1,DOWN,BUY
267,2021-08-25,47727.257813,49202.878906,47163.613281,48960.789063,48960.789063,32646349931,46553.901562700004,38006.44253914,46043.94962900501,50501.58363107444,42606.21949432557,-8037.507089865008,7895.364136748874,0,1,1,0,1,0,1,0,1,1,1,1,DOWN,BUY
268,2021-08-26,49002.640625,49347.582031,46405.78125,46942.21875,46942.21875,32666549568,46760.1875002,38046.770703199996,46084.14351572501,50316.94193652817,43203.43306387183,-8037.372812525013,7113.508872656341,0,1,1,0,1,0,1,0,1,1,1,1,DOWN,BUY
269,2021-08-27,46894.554688,49112.785156,46394.28125,49058.667969,49058.667969,34511076995,46985.3308596,38167.33296883,46098.454531350006,50525.45547926332,43445.20623993668,-7931.121562520006,7080.249239326644,0,1,1,0,1,0,1,0,1,1,1,1,DOWN,BUY
270,2021-08-28,49072.585938,49283.503906,48499.238281,48902.402344,48902.402344,28568103401,47240.5451174,38248.529609460005,46110.561015725,50553.44588119929,43927.64435360071,-7862.031406264992,6625.801527598582,0,1,1,0,1,0,1,0,1,1,1,1,DOWN,BUY
271,2021-08-29,48911.25,49644.113281,47925.855469,48829.832031,48829.832031,25889650240,47363.76660175,38363.781015709996,46130.11925791,50720.33761067286,44007.19559282714,-7766.338242200007,6713.142017845719,0,1,1,0,1,0,1,0,1,1,1,1,DOWN,BUY
272,2021-08-30,48834.851563,48925.605469,46950.273438,47054.984375,47054.984375,31847007016,47437.264257999996,38458.96453133,46125.84751963,50697.82413606431,44176.70437993568,-7666.8829883,6521.119756128624,0,1,1,0,1,0,0,1,1,1,1,1,DOWN,-
273,2021-08-31,47024.339844,48189.550781,46750.09375,47166.6875,47166.6875,34730363427,47515.91679705,38582.92558602,46124.156699315005,50668.90834266645,44362.925251433546,-7541.231113295005,6305.983091232905,0,1,1,0,1,0,0,1,1,1,1,1,DOWN,-
274,2021-09-01,47099.773438,49111.089844,46562.4375,48847.027344,48847.027344,39139399125,47736.853711100004,38684.33605477,46132.86425791,50599.33257732669,44874.37484487332,-7448.528203139998,5724.957732453375,0,1,1,0,1,0,1,0,1,1,1,1,DOWN,BUY
275,2021-09-02,48807.847656,50343.421875,48652.320313,49327.722656,49327.722656,39508070319,47813.57382825,38793.591054770004,46135.916425874995,50759.04093189177,44868.10672460824,-7342.325371104991,5890.934207283528,0,1,1,0,1,0,1,0,1,1,1,1,DOWN,BUY
276,2021-09-03,49288.25,50982.273438,48386.085938,50025.375,50025.375,43206179619,47959.995312600004,38900.90281258,46146.318007905,51036.63650929744,44883.35411590257,-7245.415195324997,6153.2823933948675,0,1,1,0,1,0,1,0,1,1,1,1,DOWN,BUY
277,2021-09-04,50009.324219,50545.582031,49548.78125,49944.625,49944.625,37471327794,48104.8763673,39015.97937508,46150.041777435,51267.59660638038,44942.15612821962,-7134.062402354997,6325.440478160759,0,1,1,0,1,0,1,0,1,1,1,1,DOWN,BUY
278,2021-09-05,49937.859375,51868.679688,49538.597656,51753.410156,51753.410156,30322676319,48392.32265635,39176.53742195,46148.06378915001,51776.4515385777,45008.1937741223,-6971.526367200007,6768.257764455397,0,1,1,0,1,0,0,1,1,1,1,1,DOWN,-
279,2021-09-06,51769.003906,52700.941406,51053.679688,52633.535156,52633.535156,38884105426,48789.2314454,39356.712109449996,46152.832480555,52207.74737149053,45370.71551930947,-6796.120371105004,6837.031852181055,0,1,1,0,1,0,1,0,1,1,1,1,DOWN,BUY
280,2021-09-07,52660.480469,52853.765625,43285.207031,46811.128906,46811.128906,65210059683,48889.7285157,39468.04210945,46107.44746102,51930.70393841668,45848.75309298332,-6639.40535157,6081.950845433355,0,1,1,0,1,0,0,1,1,1,1,1,DOWN,-
281,2021-09-08,46827.761719,47334.054688,44561.394531,46091.390625,46091.390625,49007762488,48858.4191407,39555.62746101,46057.406816489995,51999.45431080828,45717.38397059173,-6501.779355479994,6282.070340216553,0,1,1,0,1,0,0,1,1,1,1,1,DOWN,-
282,2021-09-09,45774.742188,47261.949219,45669.738281,46391.421875,46391.421875,38672657013,48711.0314454,39652.69242195,46001.6641993,52020.13995394268,45401.92293685733,-6348.9717773500015,6618.21701708535,0,1,1,0,1,0,0,1,1,1,1,1,DOWN,-
283,2021-09-10,46396.664063,47031.742188,44344.484375,44883.910156,44883.910156,39154666597,48509.9523438,39725.779726630004,45955.047148515005,52212.69138099688,44807.213306603124,-6229.267421885001,7405.478074393759,0,1,1,0,1,0,0,1,1,1,1,1,DOWN,-
284,2021-09-11,44869.839844,45969.292969,44818.265625,45201.457031,45201.457031,34499835245,48303.94257815,39785.706640690005,45936.932304765,52253.36951788544,44354.51563841457,-6151.225664074998,7898.853879470873,0,1,1,0,1,0,0,1,1,1,1,1,DOWN,-
285,2021-09-12,45206.628906,46364.878906,44790.460938,46063.269531,46063.269531,27881980161,48129.7986328,39877.3952735,45918.721992265,52151.26313701927,44108.334128580726,-6041.326718764998,8042.929008438543,0,1,1,0,1,0,0,1,1,1,1,1,DOWN,-
286,2021-09-13,46057.214844,46598.679688,43591.320313,44963.074219,44963.074219,40969943253,47992.64648435,39971.50644538,45908.068105545004,52243.13603505537,43742.15693364463,-5936.561660165004,8500.979101410747,0,1,1,0,1,0,0,1,1,1,1,1,DOWN,-
287,2021-09-14,44960.050781,47218.125,44752.332031,47092.492188,47092.492188,38652152880,47899.2316406,40083.8075782,45911.831757889995,52142.620808405925,43655.84247279408,-5828.024179689994,8486.778335611845,0,1,1,0,1,0,1,0,1,1,1,1,DOWN,BUY
288,2021-09-15,47098.0,48450.46875,46773.328125,48176.347656,48176.347656,30484496466,47960.938085899994,40229.96398445,45921.771230545,52182.70368935665,43739.17248244334,-5691.807246094999,8443.531206913307,0,1,1,0,1,0,1,0,1,1,1,1,DOWN,BUY
289,2021-09-16,48158.90625,48486.828125,47079.558594,47783.359375,47783.359375,31764293754,47897.1726562,40373.07125007,45934.99917976501,52089.110793970314,43705.23451842968,-5561.927929695004,8383.876275540635,0,1,1,0,1,0,1,0,1,1,1,1,DOWN,BUY
290,2021-09-17,47771.003906,48160.921875,46832.523438,47267.519531,47267.519531,28727713711,47815.42851555,40472.295234440004,45923.180566480005,51989.49274593011,43641.36428516988,-5450.885332040001,8348.128460760228,0,1,1,0,1,0,0,1,1,1,1,1,DOWN,-
291,2021-09-18,47273.527344,48791.78125,47087.285156,48278.363281,48278.363281,28575630451,47787.85507805,40588.05289069,45922.677441479995,51941.98914455502,43633.721011544985,-5334.624550789995,8308.268133010031,0,1,1,0,1,0,0,1,1,1,1,1,DOWN,-
292,2021-09-19,48268.855469,48328.367188,46919.804688,47260.21875,47260.21875,26967722648,47798.1167968,40687.31109381,45906.287324289995,51945.96789784841,43650.265695751594,-5218.976230479995,8295.702202096814,0,1,1,0,1,0,0,1,1,1,1,1,DOWN,-
293,2021-09-20,47261.40625,47328.199219,42598.914063,42843.800781,42843.800781,43909845642,47581.972460850004,40760.22394537,45877.70048835,52256.061046459654,42907.88387524035,-5117.476542979995,9348.1771712193,0,1,1,0,1,0,0,1,1,1,1,1,DOWN,-
294,2021-09-21,43012.234375,43607.609375,39787.609375,40693.675781,40693.675781,48701090088,47174.304882699995,40776.182109429996,45836.53234381499,52683.56854924181,41665.04121615818,-5060.350234384998,11018.527333083635,0,1,1,0,1,0,0,1,1,1,1,1,DOWN,-
295,2021-09-22,40677.953125,43978.621094,40625.632813,43574.507813,43574.507813,38139709246,46886.64414055,40809.74242193,45809.842968815,52515.61007618258,41257.67820491742,-5000.100546884998,11257.931871265158,0,1,1,0,1,0,0,1,1,1,1,1,DOWN,-
296,2021-09-23,43560.296875,44942.175781,43109.339844,44895.097656,44895.097656,34244064430,46630.130273350005,40854.63070318,45778.285000065,52129.67436778732,41130.586178912694,-4923.654296884997,10999.088188874623,0,1,1,0,1,0,0,1,1,1,1,1,DOWN,-
297,2021-09-24,44894.300781,45080.492188,40936.558594,42839.75,42839.75,42839345714,46274.886523350004,40899.55757818,45731.251132875004,51789.99433949703,40759.778707202975,-4831.693554695004,11030.215632294057,0,1,1,0,1,0,0,1,1,1,0,1,DOWN,-
298,2021-09-25,42840.890625,42996.257813,41759.921875,42716.59375,42716.59375,31604717236,45823.04570305,40946.18847662,45670.713515685,50934.72047455518,40711.370931544814,-4724.525039064996,10223.349543010365,0,1,1,0,1,0,0,1,1,1,1,1,DOWN,-
299,2021-09-26,42721.628906,43919.300781,40848.460938,43208.539063,43208.539063,30661222077,45351.7958984,41020.401406310004,45606.713457095,49514.906410089105,41188.685386710895,-4586.312050784996,8326.22102337821,0,1,1,0,1,0,0,1,1,1,0,1,DOWN,-
300,2021-09-27,43234.183594,44313.246094,42190.632813,42235.730469,42235.730469,30980029059,45123.025976549994,41086.600000059996,45528.86650397,49440.22282295502,40805.82913014497,-4442.266503910003,8634.393692810045,0,1,1,0,1,0,0,1,1,1,0,1,DOWN,-
301,2021-09-28,42200.898438,42775.144531,40931.664063,41034.542969,41034.542969,30214940550,44870.18359374999,41139.962460999996,45447.378769595,49511.095591469944,40229.27159603004,-4307.416308595006,9281.823995439903,0,1,1,0,1,0,0,1,1,1,1,1,DOWN,-
302,2021-09-29,41064.984375,42545.257813,40829.667969,41564.363281,41564.363281,30602359905,44628.830664049994,41238.83916022,45348.985156309995,49427.571710434124,39830.089617665864,-4110.145996089996,9597.48209276826,0,1,1,0,1,0,0,1,1,1,1,1,DOWN,-
303,2021-09-30,41551.269531,44092.601563,41444.582031,43790.894531,43790.894531,31141681925,44574.179882799996,41351.691503969996,45271.428046935005,49384.93690034498,39763.42286525501,-3919.736542965009,9621.514035089975,0,1,1,0,1,0,0,1,1,1,1,1,DOWN,-
304,2021-10-01,43816.742188,48436.011719,43320.023438,48116.941406,48116.941406,42850641582,44719.95410155,41495.630644590005,45232.47675786999,49768.70831505378,39671.19988804622,-3736.8461132799857,10097.50842700756,0,1,1,0,1,0,0,1,1,1,1,1,DOWN,-
305,2021-10-02,48137.46875,48282.0625,47465.496094,47711.488281,47711.488281,30614346492,44802.36503905,41626.1211524,45187.00968755499,49988.08668011959,39616.643397980406,-3560.8885351549907,10371.443282139182,0,1,1,0,1,0,0,1,1,1,1,1,DOWN,-
306,2021-10-03,47680.027344,49130.691406,47157.289063,48199.953125,48199.953125,26638115879,44964.20898434999,41791.74289068,45133.654980524996,50357.76908509887,39570.64888360111,-3341.9120898449983,10787.12020149776,0,1,1,0,1,0,0,1,1,1,1,1,DOWN,-
307,2021-10-04,48208.90625,49456.777344,47045.003906,49112.902344,49112.902344,33383173002,45065.22949215,41961.00914067999,45089.92488286999,50685.379261319744,39445.079722980256,-3128.9157421900018,11240.299538339488,0,1,1,0,1,0,0,1,1,1,1,1,DOWN,-
308,2021-10-05,49174.960938,51839.984375,49072.839844,51514.8125,51514.8125,35873904236,45232.15273435,42129.66082037,45055.765683649995,51385.05797511997,39079.24749358003,-2926.104863279994,12305.810481539942,0,1,1,0,1,0,0,1,1,1,1,1,DOWN,-
309,2021-10-06,51486.664063,55568.464844,50488.191406,55361.449219,55361.449219,49034730168,45611.057226549994,42338.93195317999,45041.00470709,53127.88946062217,38094.224992477815,-2702.0727539100044,15033.664468144358,0,1,1,0,1,0,0,1,1,1,1,1,DOWN,-
310,2021-10-07,55338.625,55338.625,53525.46875,53805.984375,53805.984375,36807860413,45937.98046874999,42518.31402349,45022.417519589995,54242.06647086318,37633.894466636804,-2504.103496099997,16608.172004226377,0,1,1,0,1,0,0,1,1,1,1,1,DOWN,-
311,2021-10-08,53802.144531,55922.980469,53688.054688,53967.847656,53967.847656,34800873924,46222.4546875,42707.58414067,45019.611035215,55190.978371661084,37253.93100333892,-2312.0268945450007,17937.047368322164,0,1,1,0,1,0,0,1,1,1,1,1,DOWN,-
312,2021-10-09,53929.78125,55397.945313,53735.144531,54968.222656,54968.222656,32491211414,46607.8548828,42921.545195349994,45020.75742192999,56350.67708445666,36865.03268114333,-2099.212226579999,19485.64440331333,0,1,1,0,1,0,1,0,1,1,1,1,DOWN,BUY
313,2021-10-10,54952.820313,56401.304688,54264.257813,54771.578125,54771.578125,39527792364,47204.243749999994,43130.29050785,45030.743984429995,57402.063149666064,37006.424350333924,-1900.453476579998,20395.63879933214,0,1,1,0,1,0,1,0,1,1,1,1,DOWN,BUY
314,2021-10-11,54734.125,57793.039063,54519.765625,57484.789063,57484.789063,42637331698,48043.799414099994,43358.452929729996,45059.64712896501,58713.21968825041,37374.37913994958,-1701.1941992350112,21338.840548300825,0,1,1,0,1,0,1,0,1,1,1,1,DOWN,BUY
315,2021-10-12,57526.832031,57627.878906,54477.972656,56041.058594,56041.058594,41083758949,48667.12695315,43565.98570317,45064.165859434994,59670.7035306845,37663.5503756155,-1498.1801562649925,22007.153155068998,0,1,1,0,1,0,1,0,1,1,1,1,DOWN,BUY
316,2021-10-13,56038.257813,57688.660156,54370.972656,57401.097656,57401.097656,41684252783,49292.426953149996,43802.53664066999,45071.30378912,60778.309809143386,37806.544097156606,-1268.7671484500097,22971.76571198678,0,1,1,0,1,0,1,0,1,1,1,1,DOWN,BUY
317,2021-10-14,57372.832031,58478.734375,56957.074219,57321.523438,57321.523438,36615791366,50016.51562504999,44033.399921920005,45078.15767584,61609.36503590541,38423.66621419458,-1044.757753919992,23185.69882171083,0,1,1,0,1,0,1,0,1,1,1,1,DOWN,BUY
318,2021-10-15,57345.902344,62757.128906,56868.144531,61593.949219,61593.949219,51780081801,50960.3833985,44310.786132860005,45097.37642584,63083.923880382295,38836.84291661771,-786.5902929799922,24247.080963764587,0,1,1,0,1,0,1,0,1,1,1,1,DOWN,BUY
319,2021-10-16,61609.527344,62274.476563,60206.121094,60892.179688,60892.179688,34250964237,51844.56542975,44590.934218799994,45107.248867250004,64155.658790827154,39533.47206867285,-516.3146484500103,24622.186722154307,0,1,1,0,1,0,1,0,1,1,1,1,DOWN,BUY
320,2021-10-17,60887.652344,61645.523438,59164.46875,61553.617188,61553.617188,29032367511,52810.4597657,44868.490273489995,45120.422793034995,64984.958014932534,40635.96151646746,-251.9325195450001,24348.996498465072,0,1,1,0,1,0,1,0,1,1,1,1,DOWN,BUY
321,2021-10-18,61548.804688,62614.660156,60012.757813,62026.078125,62026.078125,38055562075,53860.036523500006,45153.54585942999,45135.07414069,65395.3320640054,42324.74098299461,18.471718739994685,23070.59108101079,1,0,1,0,1,0,1,0,1,1,1,1,_,-
322,2021-10-19,62043.164063,64434.535156,61622.933594,64261.992188,64261.992188,40471196346,54994.91796885,45453.76390630999,45159.46253913,65918.04205762532,44071.79388007468,294.30136717999267,21846.248177550646,1,0,1,0,1,0,1,0,1,1,1,1,UP,-
323,2021-10-20,64284.585938,66930.390625,63610.675781,65992.835938,65992.835938,40788955582,56105.0150392,45782.13378913,45201.407265695,66757.25374890029,45452.776329499706,580.726523434998,21304.47741940058,1,0,1,0,1,0,1,0,1,1,1,0,UP,-
324,2021-10-21,66002.234375,66600.546875,62117.410156,62210.171875,62210.171875,45908121370,56809.67656265,46077.21525397,45218.66535163,67113.88550860854,46505.46761669146,858.5499023399971,20608.41789191708,1,0,1,0,1,0,1,0,1,1,0,1,UP,-
325,2021-10-22,62237.890625,63715.023438,60122.796875,60692.265625,60692.265625,38434082775,57458.715429849995,46355.91443365999,45226.837285225,66995.54979777169,47921.8810619283,1129.0771484349898,19073.668735843385,1,0,1,0,1,0,1,0,1,1,1,1,UP,-
326,2021-10-23,60694.628906,61743.878906,59826.523438,61393.617188,61393.617188,26882546034,58118.398633,46652.04330085,45242.84357429,66788.01434148534,49448.782924514664,1409.1997265600003,17339.231416970673,1,0,1,0,1,0,1,0,1,1,1,1,UP,-
327,2021-10-24,61368.34375,61505.804688,59643.34375,60930.835938,60930.835938,27316183882,58709.2953127,46947.1362696,45267.25306648,66398.75361775416,51019.83700764584,1679.88320312,15378.916610108325,1,0,1,0,1,0,1,0,1,1,1,1,UP,-
328,2021-10-25,60893.925781,63729.324219,60691.800781,63039.824219,63039.824219,31064911614,59285.54589865,47262.2038282,45290.83242195,66440.82993264533,52130.26186465467,1971.3714062500003,14310.568067990658,1,0,1,0,1,0,1,0,1,1,1,1,UP,-
329,2021-10-26,63032.761719,63229.027344,59991.160156,60363.792969,60363.792969,34878965587,59535.66308615,47547.87365242,45301.426367265,66471.1278561501,52600.1983161499,2246.4472851550017,13870.929540000194,1,0,1,0,1,0,1,0,1,1,1,1,UP,-
330,2021-10-27,60352.0,61435.183594,58208.1875,58482.386719,58482.386719,43657076893,59769.483203350006,47824.5191993,45294.872128985,66214.48272092959,53324.48368577042,2529.647070314997,12889.99903515917,1,0,1,0,1,0,0,1,1,1,1,1,UP,SELL
331,2021-10-28,58470.730469,62128.632813,58206.917969,60622.136719,60622.136719,45257083247,60102.1976565,48132.66708993,45296.95798836,65976.61947919511,54227.77583380489,2835.709101569999,11748.843645390225,1,0,1,0,1,0,1,0,1,1,1,1,UP,-
332,2021-10-29,60624.871094,62927.609375,60329.964844,62227.964844,62227.964844,36856881767,60465.1847659,48433.83980478,45308.630546955,65907.06224986938,55023.30728193062,3125.2092578250013,10883.754967938767,1,0,1,0,1,0,1,0,1,1,1,1,UP,-
333,2021-10-30,62239.363281,62330.144531,60918.386719,61888.832031,61888.832031,32157938616,60821.047461199996,48729.59707040001,45300.557421955,65619.94322061523,56022.151701784765,3429.039648445003,9597.791518830461,1,0,1,0,1,0,0,1,1,1,1,1,UP,SELL
334,2021-10-31,61850.488281,62406.171875,60074.328125,61318.957031,61318.957031,32241199927,61012.75585960001,49006.9711329,45291.60373054501,65563.12406862363,56462.38765057639,3715.36740235499,9100.736418047236,1,0,1,0,1,0,0,1,1,1,1,1,UP,SELL
335,2021-11-01,61320.449219,62419.003906,59695.183594,61004.40625,61004.40625,36150572843,61260.92324240001,49274.09074227,45280.0557032,65199.9538136435,57321.892671156515,3994.035039069997,7878.061142486986,1,0,1,0,1,0,0,1,1,1,1,1,UP,SELL
336,2021-11-02,60963.253906,64242.792969,60673.054688,63226.402344,63226.402344,37746665647,61552.1884768,49552.852890710004,45288.323769605,65153.520314105495,57950.85663949451,4264.529121105006,7202.663674610987,1,0,1,0,1,0,1,0,1,1,1,1,UP,-
337,2021-11-03,63254.335938,63516.9375,61184.238281,62970.046875,62970.046875,36124731509,61834.61464864999,49809.17800790001,45299.75490241501,64912.42100798632,58756.80828931367,4509.423105485002,6155.612718672652,1,0,1,0,1,0,1,0,1,1,1,1,UP,-
338,2021-11-04,62941.804688,63123.289063,60799.664063,61452.230469,61452.230469,32615846901,61827.52871115001,50029.63089853,45325.935136789994,64908.169992749295,58746.88742955072,4703.695761740004,6161.282563198576,1,0,1,0,1,0,1,0,1,1,1,1,UP,-
339,2021-11-05,61460.078125,62541.46875,60844.609375,61125.675781,61125.675781,30605102446,61839.20351579999,50240.928593840006,45352.94218757,64907.32174196562,58771.085289634364,4887.986406270007,6136.236452331257,1,0,1,0,1,0,1,0,1,1,1,1,UP,-
340,2021-11-06,61068.875,61590.683594,60163.78125,61527.480469,61527.480469,29094934221,61837.896679850004,50456.11917978,45378.214433664994,64906.52258730515,58769.270772394855,5077.904746115004,6137.251814910298,1,0,1,0,1,0,1,0,1,1,1,1,UP,-
341,2021-11-07,61554.921875,63326.988281,61432.488281,63326.988281,63326.988281,24726754302,61902.94218765,50667.03359384,45425.31892585,65039.17202546936,58766.71234983064,5241.714667990003,6272.459675638718,1,0,1,0,1,0,1,0,1,1,1,1,UP,-
342,2021-11-08,63344.066406,67673.742188,63344.066406,67566.828125,67566.828125,41125608330,62068.18398449999,50926.43992196,45504.341699285,65944.98880178903,58191.37916721095,5422.098222674998,7753.6096345780825,1,0,1,0,1,0,1,0,1,1,1,1,UP,-
343,2021-11-09,67549.734375,68530.335938,66382.0625,66971.828125,66971.828125,42357991721,62117.13359385,51196.409257900006,45583.73257819,66209.63868418809,58024.62850351191,5612.676679710006,8185.010180676181,1,0,1,0,1,0,1,0,1,1,1,1,UP,-
344,2021-11-10,66953.335938,68789.625,63208.113281,64995.230469,64995.230469,48730828378,62256.386523550005,51454.342109460005,45658.454394595,66537.27305567403,57975.49999142598,5795.887714865006,8561.773064248046,1,0,1,0,1,0,1,0,1,1,1,1,UP,-
345,2021-11-11,64978.890625,65579.015625,64180.488281,64949.960938,64949.960938,35880633236,62469.2712892,51722.31191415,45738.18292975499,66840.36767286819,58098.1749055318,5984.128984395007,8742.19276733639,1,0,1,0,1,0,1,0,1,1,1,1,UP,-
346,2021-11-12,64863.980469,65460.816406,62333.914063,64155.941406,64155.941406,36084893887,62607.3875001,51966.39628915,45788.85386725499,67008.26742483769,58206.5075753623,6177.542421895007,8801.759849475384,1,0,1,0,1,0,1,0,1,1,1,1,UP,-
347,2021-11-13,64158.121094,64915.675781,63303.734375,64469.527344,64469.527344,30474228777,62784.3220704,52202.39601571,45836.03591803499,67185.89777403866,58382.74636676133,6366.3600976750095,8803.151407277335,1,0,1,0,1,0,1,0,1,1,1,1,UP,-
348,2021-11-14,64455.371094,65495.179688,63647.808594,65466.839844,65466.839844,25122092191,62905.67285165,52428.89941415,45889.24660163,67459.91139151267,58351.43431178733,6539.652812519998,9108.477079725337,1,0,1,0,1,0,1,0,1,1,1,1,UP,-
349,2021-11-15,65521.289063,66281.570313,63548.144531,63557.871094,63557.871094,30558763548,63065.3767579,52618.92011728,45939.260410225,67473.54068057633,58657.21283522367,6679.659707055005,8816.327845352665,1,0,1,0,1,0,1,0,1,1,1,1,UP,-
350,2021-11-16,63721.195313,63721.195313,59016.335938,60161.246094,60161.246094,46844335592,63149.31972665,52782.55140634,45951.31576179,67259.03491440261,59039.60453889739,6831.235644549997,8219.430375505224,1,0,1,0,1,0,1,0,1,1,1,1,UP,-
351,2021-11-17,60139.621094,60823.609375,58515.410156,60368.011719,60368.011719,39178392930,63136.613476649996,52922.57750009,45964.01556647999,67278.94581304466,58994.281140255334,6958.5619336100135,8284.664672789324,1,0,1,0,1,0,1,0,1,1,1,1,UP,-
352,2021-11-18,60360.136719,60948.5,56550.792969,56942.136719,56942.136719,41388338699,62872.3220704,53036.14855478,45965.57085945,67810.81347852862,57933.83066227137,7070.577695329994,9876.982816257252,1,0,1,0,1,0,1,0,1,1,1,1,UP,-
353,2021-11-19,56896.128906,58351.113281,55705.179688,58119.578125,58119.578125,38702407772,62683.8593751,53161.40796884,45970.16728523,68029.03375098978,57338.684999210214,7191.240683609998,10690.348751779566,1,0,1,0,1,0,1,0,1,1,1,1,UP,-
354,2021-11-20,58115.082031,59859.878906,57469.726563,59697.195313,59697.195313,30624264863,62602.77128920001,53314.09703134,46001.98556648,68075.98138567457,57129.56119272546,7312.111464860005,10946.420192949117,1,0,1,0,1,0,1,0,1,1,1,1,UP,-
355,2021-11-21,59730.507813,60004.425781,58618.929688,58730.476563,58730.476563,26123447605,62489.07480485,53423.46859384,46008.517910229995,68180.49820568223,56797.65140401777,7414.9506836100045,11382.846801664462,1,0,1,0,1,0,1,0,1,1,1,1,UP,-
356,2021-11-22,58706.847656,59266.359375,55679.839844,56289.289063,56289.289063,35036121783,62142.21914080001,53515.39203134,46007.98177742,68426.31041876359,55858.12786283642,7507.410253920003,12568.182555927167,1,0,1,0,1,0,0,1,1,1,1,1,UP,SELL
357,2021-11-23,56304.554688,57875.515625,55632.761719,57569.074219,57569.074219,37485803899,61872.170507999996,53620.61273446999,46009.045136795,68448.16999683241,55296.171019167574,7611.567597674992,13151.998977664836,1,0,1,0,1,0,1,0,1,1,1,1,UP,-
358,2021-11-24,57565.851563,57803.066406,55964.222656,56280.425781,56280.425781,36635566789,61613.580273600004,53723.37214853,45996.42837898,68627.4626172761,54599.697929923896,7726.943769549995,14027.76468735221,1,0,1,0,1,0,0,1,1,1,1,1,UP,SELL
359,2021-11-25,57165.417969,59367.96875,57146.683594,57274.679688,57274.679688,34284016248,61421.030468950004,53849.16535166,45991.64019539,68684.9030808157,54157.157857084305,7857.52515627,14527.745223731392,1,0,1,0,1,0,0,1,1,1,1,1,UP,SELL
360,2021-11-26,58960.285156,59183.480469,53569.765625,53569.765625,53569.765625,41810748221,61023.14472675,53936.85113291,45980.19003914,69051.64388135514,52994.645572144866,7956.6610937700025,16056.99830921027,1,0,1,0,1,0,0,1,1,1,0,1,UP,SELL
361,2021-11-27,53736.429688,55329.257813,53668.355469,54815.078125,54815.078125,30560857714,60597.54921895,54017.82613291,45970.74255867,68986.75369209988,52208.34474580012,8047.083574240001,16778.408946299765,1,0,1,0,1,0,0,1,1,1,1,1,UP,SELL
362,2021-11-28,54813.023438,57393.84375,53576.734375,57248.457031,57248.457031,28116886357,60081.63066425,54096.91894541,46011.232168045,67945.67401831399,52217.58731018601,8085.686777365001,15728.08670812798,1,0,1,0,1,0,1,0,1,1,1,1,UP,-
363,2021-11-29,57291.90625,58872.878906,56792.527344,57806.566406,57806.566406,32370840356,59623.36757830001,54185.92968759,46051.684043044996,66872.04862501661,52374.6865315834,8134.245644545008,14497.362093433214,1,0,1,0,1,0,1,0,1,1,1,1,UP,-
364,2021-11-30,57830.113281,59113.402344,56057.28125,57005.425781,57005.425781,36708594618,59223.8773439,54262.76742196,46087.30849617001,66116.21720747455,52331.53748032545,8175.458925789993,13784.679727149094,1,0,1,0,1,0,1,0,1,1,1,1,UP,-
365,2021-12-01,56907.964844,59041.683594,56553.082031,57229.828125,57229.828125,36858195307,58837.87070325001,54339.60421883,46139.65669929501,65252.384253057986,52423.35715344203,8199.947519534988,12829.027099615952,1,0,1,0,1,0,1,0,1,1,1,1,UP,-
366,2021-12-02,57217.371094,57349.234375,55895.132813,56477.816406,56477.816406,32379968686,58453.964453249995,54427.32121101001,46189.76548835499,64455.13468103207,52452.79422546792,8237.555722655015,12002.340455564146,1,0,1,0,1,0,1,0,1,1,1,1,UP,-
367,2021-12-03,56509.164063,57482.167969,52496.585938,53598.246094,53598.246094,39789134215,57910.40039075001,54473.69578132,46240.06916023,63594.62393675959,52226.176844740425,8233.62662109,11368.447092019167,1,0,1,0,1,0,1,0,1,1,1,1,UP,-
368,2021-12-04,53727.878906,53904.679688,42874.617188,49200.703125,49200.703125,61385677469,57097.093554800005,54496.28062507,46271.525664135006,62877.779944276066,51316.407165323944,8224.754960934995,11561.372778952122,1,0,1,0,1,0,1,0,1,1,1,1,UP,-
369,2021-12-05,49201.519531,49768.148438,47857.496094,49368.847656,49368.847656,37198201161,56387.6423829,54499.38242194,46333.35769538499,62303.71193324254,50471.57283255745,8166.024726555006,11832.13910068509,1,0,1,0,1,0,1,0,1,1,1,1,UP,-
370,2021-12-06,49413.480469,50929.519531,47281.035156,50582.625,50582.625,37707308001,55908.71132819999,54516.1846485,46382.357128979995,62071.01669821653,49746.40595818345,8133.827519520004,12324.61074003308,1,0,1,0,1,0,1,0,1,1,1,1,UP,-
371,2021-12-07,50581.828125,51934.78125,50175.808594,50700.085938,50700.085938,33676814852,55425.31503915001,54534.88718757,46449.33410164001,61629.20118255036,49221.42889574966,8085.553085929991,12407.772286800697,1,0,1,0,1,0,1,0,1,1,1,1,UP,-
372,2021-12-08,50667.648438,51171.375,48765.988281,50504.796875,50504.796875,28479699446,55103.448046950005,54569.38531257,46514.17492195,61619.271865674455,48587.624228225555,8055.210390619999,13031.6476374489,1,0,1,0,1,0,1,0,1,1,1,1,UP,-
373,2021-12-09,50450.082031,50797.164063,47358.351563,47672.121094,47672.121094,29603577251,54581.0751954,54574.43964850999,46578.682617264996,61693.738717548054,47468.41167325195,7995.757031244997,14225.327044296107,1,0,1,0,1,0,1,0,1,1,1,1,UP,-
374,2021-12-10,47642.144531,50015.253906,47023.699219,47243.304688,47243.304688,30966005122,53958.38066415,54558.40242195,46621.36923835999,61345.70945435641,46571.05187394359,7937.033183590007,14774.657580412822,1,0,1,0,0,1,1,0,1,1,1,0,UP,-
375,2021-12-11,47264.632813,49458.210938,46942.347656,49362.507813,49362.507813,25775869261,53489.98222665,54558.750273519996,46676.170664145,60795.10836305765,46184.85609024235,7882.579609374996,14610.252272815298,1,0,1,0,1,0,1,0,1,1,1,1,UP,-
376,2021-12-12,49354.855469,50724.867188,48725.851563,50098.335938,50098.335938,21939223599,53180.4345704,54559.4798829,46730.191347739994,60509.48758013613,45851.381560663875,7829.288535160005,14658.106019472252,1,0,1,0,1,0,1,0,1,1,1,1,UP,-
377,2021-12-13,50114.742188,50205.0,45894.847656,46737.480469,46737.480469,32166727776,52638.8548829,54527.40843758999,46771.693906335,60188.16503054716,45089.544735252835,7755.714531254991,15098.620295294328,1,0,1,0,0,1,1,0,1,1,1,1,UP,-
378,2021-12-14,46709.824219,48431.398438,46424.496094,46612.632813,46612.632813,34638619079,52155.4652345,54476.00066416,46826.269043055,59944.45003758054,44366.48043141946,7649.731621104998,15577.969606161074,1,0,1,0,0,1,1,0,1,1,1,1,UP,-
379,2021-12-15,48379.753906,49473.957031,46671.964844,48896.722656,48896.722656,36541828520,51736.5673829,54438.63253916,46897.672324305,59276.39443242311,44196.74033337689,7540.960214854997,15079.654099046224,1,0,1,0,0,1,1,0,1,1,1,1,UP,-
380,2021-12-16,48900.464844,49425.574219,47529.878906,47665.425781,47665.425781,27268150947,51441.3503907,54447.17550791,46957.60880868,59131.8052066626,43750.8955747374,7489.566699229996,15380.909631925198,1,0,1,0,1,0,1,0,1,1,1,1,UP,-
381,2021-12-17,47653.730469,48004.894531,45618.214844,46202.144531,46202.144531,32902725329,51010.703710999995,54448.283046970006,47001.955253989996,58860.20795448199,43161.199467517996,7446.32779298001,15699.008486963998,1,0,1,0,1,0,1,0,1,1,1,1,UP,-
382,2021-12-18,46219.253906,47313.828125,45598.441406,46848.777344,46848.777344,26098292690,50490.71972665,54452.85660166,47052.774511805,57988.42580338785,42993.01364991215,7400.082089855001,14995.4121534757,1,0,1,0,1,0,1,0,1,1,1,1,UP,-
383,2021-12-19,46853.867188,48089.664063,46502.953125,46707.015625,46707.015625,25154053861,49935.7421876,54471.08765635,47098.433691490005,56801.7859506683,43069.6984245317,7372.653964859994,13732.087526136602,1,0,1,0,1,0,1,0,1,1,1,1,UP,-
384,2021-12-20,46707.0625,47401.71875,45579.808594,46880.277344,46880.277344,30961902129,49429.48476574999,54487.87585948001,47136.791250085,55592.96255897629,43266.0069725237,7351.0846093950095,12326.95558645259,1,0,1,0,1,0,1,0,1,1,1,1,UP,-
385,2021-12-21,46886.078125,49300.917969,46698.773438,48936.613281,48936.613281,27055803928,49014.82402355,54516.609296979994,47197.00228524001,54032.81142277323,43996.83662432677,7319.607011739987,10035.974798446463,1,0,1,0,1,0,1,0,0,1,1,1,UP,-
386,2021-12-22,48937.097656,49544.796875,48450.941406,48628.511719,48628.511719,24447979559,48622.3587892,54553.26367198001,47262.385058679996,52290.4206858012,44954.2968925988,7290.87861330001,7336.123793202394,1,0,1,0,1,0,1,0,1,1,1,1,UP,-
387,2021-12-23,48626.34375,51332.339844,48065.835938,50784.539063,50784.539063,28223878108,48481.673437649995,54590.184140729994,47336.995859464994,51540.85999914026,45422.48687615973,7253.188281265,6118.373122980527,1,0,1,0,1,0,1,0,1,1,1,1,UP,-
388,2021-12-24,50806.050781,51814.027344,50514.496094,50822.195313,50822.195313,24367912228,48562.748047049994,54616.64261729999,47423.303300875006,51775.92993427415,45349.56615982584,7193.3393164249865,6426.363774448313,1,0,1,0,1,0,1,0,1,1,1,1,UP,-
389,2021-12-25,50854.917969,51176.597656,50236.707031,50429.859375,50429.859375,19030650914,48615.798633,54643.1076173,47508.089433685,51914.365292624876,45317.23197337512,7135.018183614993,6597.133319249755,1,0,1,0,1,0,1,0,1,1,1,1,UP,-
390,2021-12-26,50428.691406,51196.378906,49623.105469,50809.515625,50809.515625,20964372926,48627.143164249996,54678.52757824,47575.411406340005,51954.12751513659,45300.1588133634,7103.116171899994,6653.968701773192,1,0,1,0,1,0,1,0,1,1,1,1,UP,-
391,2021-12-27,50802.609375,51956.328125,50499.46875,50640.417969,50640.417969,24324345758,48624.1597658,54702.14812512,47645.100507905,51943.80221757381,45304.5173140262,7057.047617215001,6639.28490354761,1,0,1,0,1,0,1,0,1,1,1,1,UP,-
392,2021-12-28,50679.859375,50679.859375,47414.210938,47588.855469,47588.855469,33430376883,48478.3626955,54705.43449231,47696.37279306,51709.77270892774,45246.95268207226,7009.06169925,6462.820026855479,1,0,1,0,1,0,1,0,1,1,1,1,UP,-
393,2021-12-29,47623.871094,48119.742188,46201.496094,46444.710938,46444.710938,30049226299,48416.992187699994,54741.44359388,47750.83376962501,51752.27150255944,45081.71287284055,6990.609824254992,6670.558629718886,1,0,1,0,1,0,1,0,1,1,1,1,UP,-
394,2021-12-30,46490.605469,47879.964844,46060.3125,47178.125,47178.125,26686491018,48413.7332033,54806.28808607,47791.23509775,51753.717565025894,45073.7488415741,7015.05298832,6679.968723451791,1,0,1,0,1,0,1,0,1,1,1,1,UP,-
395,2021-12-31,47169.371094,48472.527344,45819.953125,46306.445313,46306.445313,36974172400,48260.9300783,54833.60746107,47821.674941499994,51691.702317177595,44830.157839422405,7011.932519570008,6861.544477755189,1,0,1,0,1,0,1,0,1,1,1,1,UP,-
396,2022-01-01,46311.746094,47827.3125,46288.484375,47686.8125,47686.8125,24582667004,48140.3539064,54861.52460951,47858.077656345005,51472.43341358821,44808.27439921179,7003.446953164996,6664.159014376419,1,0,1,0,1,0,1,0,1,1,1,1,UP,-
397,2022-01-02,47680.925781,47881.40625,46856.9375,47345.21875,47345.21875,27951569547,48170.740820449995,54906.57929701,47903.06843759501,51461.925651351754,44879.55598954824,7003.510859414993,6582.369661803517,1,0,1,0,1,0,1,0,1,1,1,1,UP,-
398,2022-01-03,47284.214844,47510.726563,46053.820313,46053.820313,46053.820313,32053757952,48142.80019545,54939.95156264,47943.070019629995,51495.33733192631,44790.26305897369,6996.881543010008,6705.074272952625,1,0,1,0,1,0,1,0,1,1,1,1,UP,-
