03/08/2022 00:00,115.368,115.404,115.321,115.353,-1.5,-0.01
03/07/2022 23:45,115.349,115.378,115.343,115.368,1.9,0.02
03/07/2022 23:30,115.302,115.37,115.29,115.348,4.6,0.04
03/07/2022 23:15,115.298,115.324,115.298,115.305,0.7,0.01
03/07/2022 23:00,115.323,115.34,115.274,115.299,-2.4,-0.02
03/07/2022 22:45,115.296,115.329,115.296,115.324,2.8,0.02
03/07/2022 22:30,115.269,115.306,115.266,115.296,2.7,0.02
03/07/2022 22:15,115.259,115.302,115.253,115.262,0.3,0
03/07/2022 22:00,115.282,115.289,115.255,115.255,-2.7,-0.02
03/07/2022 21:45,115.315,115.336,115.296,115.309,-0.6,-0.01
03/07/2022 21:30,115.272,115.321,115.268,115.32,4.8,0.04
03/07/2022 21:15,115.282,115.302,115.266,115.272,-1,-0.01
03/07/2022 21:00,115.273,115.298,115.241,115.286,1.3,0.01
03/07/2022 20:45,115.303,115.304,115.255,115.267,-3.6,-0.03
03/07/2022 20:30,115.301,115.342,115.29,115.306,0.5,0
03/07/2022 20:15,115.263,115.324,115.259,115.3,3.7,0.03
03/07/2022 20:00,115.299,115.356,115.264,115.264,-3.5,-0.03
03/07/2022 19:45,115.317,115.317,115.256,115.301,-1.6,-0.01
03/07/2022 19:30,115.371,115.4,115.304,115.321,-5,-0.04
03/07/2022 19:15,115.392,115.413,115.36,115.371,-2.1,-0.02
03/07/2022 19:00,115.384,115.414,115.377,115.396,1.2,0.01
03/07/2022 18:45,115.395,115.401,115.354,115.385,-1,-0.01
03/07/2022 18:30,115.342,115.395,115.337,115.394,5.2,0.05
03/07/2022 18:15,115.318,115.383,115.318,115.342,2.4,0.02
03/07/2022 18:00,115.396,115.422,115.293,115.324,-7.2,-0.06
03/07/2022 17:45,115.364,115.402,115.326,115.402,3.8,0.03
03/07/2022 17:30,115.351,115.369,115.305,115.368,1.7,0.01
03/07/2022 17:15,115.362,115.371,115.335,115.349,-1.3,-0.01
03/07/2022 17:00,115.42,115.421,115.35,115.367,-5.3,-0.05
03/07/2022 16:45,115.431,115.441,115.399,115.416,-1.5,-0.01
03/07/2022 16:30,115.467,115.474,115.41,115.43,-3.7,-0.03
03/07/2022 16:15,115.42,115.472,115.417,115.472,5.2,0.05
03/07/2022 16:00,115.386,115.422,115.355,115.417,3.1,0.03
03/07/2022 15:45,115.427,115.432,115.356,115.386,-4.1,-0.04
03/07/2022 15:30,115.318,115.432,115.313,115.432,11.4,0.1
03/07/2022 15:15,115.299,115.337,115.255,115.318,1.9,0.02
03/07/2022 15:00,115.327,115.354,115.288,115.294,-3.3,-0.03
03/07/2022 14:45,115.25,115.343,115.247,115.329,7.9,0.07
03/07/2022 14:30,115.229,115.3,115.21,115.248,1.9,0.02
03/07/2022 14:15,115.283,115.29,115.206,115.228,-5.5,-0.05
03/07/2022 14:00,115.296,115.355,115.259,115.286,-1,-0.01
03/07/2022 13:45,115.245,115.327,115.227,115.297,5.2,0.05
03/07/2022 13:30,115.275,115.316,115.227,115.24,-3.5,-0.03
03/07/2022 13:15,115.243,115.293,115.234,115.272,2.9,0.03
03/07/2022 13:00,115.266,115.268,115.215,115.241,-2.5,-0.02
03/07/2022 12:45,115.209,115.289,115.208,115.271,6.2,0.05
03/07/2022 12:30,115.184,115.227,115.139,115.21,2.6,0.02
03/07/2022 12:15,115.189,115.212,115.164,115.181,-0.8,-0.01
03/07/2022 12:00,115.082,115.223,115.081,115.188,10.6,0.09
03/07/2022 11:45,115.062,115.097,115.054,115.083,2.1,0.02
03/07/2022 11:30,115.081,115.1,115.042,115.059,-2.2,-0.02
03/07/2022 11:15,115.079,115.09,115.019,115.08,0.1,0
03/07/2022 11:00,115.076,115.106,115.065,115.078,0.2,0
03/07/2022 10:45,115.1,115.105,115.058,115.075,-2.5,-0.02
03/07/2022 10:30,115.095,115.131,115.085,115.102,0.7,0.01
03/07/2022 10:15,115.059,115.141,115.052,115.092,3.3,0.03
03/07/2022 10:00,115.069,115.092,115.05,115.058,-1.1,-0.01
03/07/2022 09:45,115.068,115.08,115.027,115.072,0.4,0
03/07/2022 09:30,115.042,115.075,115.022,115.063,2.1,0.02
03/07/2022 09:15,115.037,115.069,115.009,115.048,1.1,0.01
03/07/2022 09:00,114.96,115.047,114.945,115.039,7.9,0.07
03/07/2022 08:45,114.923,114.985,114.919,114.966,4.3,0.04
03/07/2022 08:30,114.952,114.961,114.908,114.919,-3.3,-0.03
03/07/2022 08:15,115.037,115.05,114.929,114.952,-8.5,-0.07
03/07/2022 08:00,115.015,115.055,114.984,115.03,1.5,0.01
03/07/2022 07:45,115.024,115.052,114.99,115.011,-1.3,-0.01
03/07/2022 07:30,115.078,115.107,115.02,115.023,-5.5,-0.05
03/07/2022 07:15,115.018,115.127,114.999,115.079,6.1,0.05
03/07/2022 07:00,114.97,115.041,114.97,115.017,4.7,0.04
03/07/2022 06:45,114.998,114.999,114.959,114.97,-2.8,-0.02
03/07/2022 06:30,114.953,115.005,114.945,114.996,4.3,0.04
03/07/2022 06:15,114.938,114.964,114.924,114.954,1.6,0.01
03/07/2022 06:00,114.927,114.948,114.913,114.935,0.8,0.01
03/07/2022 05:45,114.939,114.96,114.924,114.929,-1,-0.01
03/07/2022 05:30,114.943,114.967,114.924,114.942,-0.1,0
03/07/2022 05:15,114.904,114.967,114.902,114.945,4.1,0.04
03/07/2022 05:00,114.897,114.915,114.887,114.904,0.7,0.01
03/07/2022 04:45,114.897,114.904,114.886,114.899,0.2,0
03/07/2022 04:30,114.912,114.915,114.864,114.897,-1.5,-0.01
03/07/2022 04:15,114.874,114.923,114.873,114.909,3.5,0.03
03/07/2022 04:00,114.893,114.896,114.865,114.877,-1.6,-0.01
03/07/2022 03:45,114.918,114.924,114.881,114.893,-2.5,-0.02
03/07/2022 03:30,114.928,114.933,114.91,114.91,-1.8,-0.02
03/07/2022 03:15,114.903,114.935,114.894,114.932,2.9,0.03
03/07/2022 03:00,114.925,114.946,114.898,114.904,-2.1,-0.02
03/07/2022 02:45,114.912,114.931,114.873,114.928,1.6,0.01
03/07/2022 02:30,114.926,114.929,114.876,114.914,-1.2,-0.01
03/07/2022 02:15,114.911,114.963,114.91,114.928,1.7,0.01
03/07/2022 02:00,114.903,114.937,114.88,114.91,0.7,0.01
03/07/2022 01:45,114.871,114.913,114.864,114.904,3.3,0.03
03/07/2022 01:30,114.948,114.95,114.835,114.87,-7.8,-0.07
03/07/2022 01:15,115.005,115.007,114.942,114.943,-6.2,-0.05
03/07/2022 01:00,115.036,115.048,115.007,115.009,-2.7,-0.02
03/07/2022 00:45,114.927,115.063,114.914,115.034,10.7,0.09
03/07/2022 00:30,114.941,114.941,114.901,114.924,-1.7,-0.01
03/07/2022 00:15,114.924,114.956,114.906,114.944,2,0.02
03/07/2022 00:00,114.952,114.953,114.893,114.925,-2.7,-0.02
03/06/2022 23:45,114.911,114.961,114.866,114.953,4.2,0.04
03/06/2022 23:30,114.866,114.92,114.854,114.909,4.3,0.04
03/06/2022 23:15,114.918,114.943,114.836,114.865,-5.3,-0.05
03/06/2022 23:00,114.911,114.954,114.818,114.922,1.1,0.01
03/06/2022 22:45,114.872,114.909,114.867,114.897,2.5,0.02
03/06/2022 22:30,114.876,114.881,114.848,114.873,-0.3,0
03/06/2022 22:15,114.832,114.857,114.832,114.857,2.5,0.02
03/06/2022 22:00,114.892,114.952,114.832,114.855,-3.7,-0.03
03/04/2022 21:45,114.847,114.863,114.84,114.851,0.4,0
03/04/2022 21:30,114.845,114.871,114.839,114.848,0.3,0
03/04/2022 21:15,114.86,114.88,114.836,114.847,-1.3,-0.01
03/04/2022 21:00,114.811,114.859,114.811,114.855,4.4,0.04
03/04/2022 20:45,114.855,114.885,114.803,114.812,-4.3,-0.04
03/04/2022 20:30,114.875,114.879,114.837,114.852,-2.3,-0.02
03/04/2022 20:15,114.849,114.883,114.839,114.877,2.8,0.02
03/04/2022 20:00,114.751,114.866,114.751,114.85,9.9,0.09
03/04/2022 19:45,114.704,114.81,114.703,114.748,4.4,0.04
03/04/2022 19:30,114.783,114.785,114.702,114.704,-7.9,-0.07
03/04/2022 19:15,114.792,114.81,114.78,114.782,-1,-0.01
03/04/2022 19:00,114.79,114.815,114.776,114.792,0.2,0
03/04/2022 18:45,114.756,114.8,114.749,114.792,3.6,0.03
03/04/2022 18:30,114.771,114.788,114.728,114.757,-1.4,-0.01
03/04/2022 18:15,114.825,114.829,114.771,114.771,-5.4,-0.05
03/04/2022 18:00,114.771,114.863,114.771,114.829,5.8,0.05
03/04/2022 17:45,114.806,114.82,114.77,114.772,-3.4,-0.03
03/04/2022 17:30,114.878,114.878,114.773,114.806,-7.2,-0.06
03/04/2022 17:15,114.757,114.894,114.753,114.877,12,0.1
03/04/2022 17:00,114.657,114.758,114.649,114.758,10.1,0.09
03/04/2022 16:45,114.738,114.748,114.648,114.654,-8.4,-0.07
03/04/2022 16:30,114.713,114.763,114.699,114.739,2.6,0.02
03/04/2022 16:15,114.801,114.834,114.695,114.716,-8.5,-0.07
03/04/2022 16:00,114.827,114.869,114.765,114.802,-2.5,-0.02
03/04/2022 15:45,114.944,114.947,114.796,114.823,-12.1,-0.11
03/04/2022 15:30,114.945,114.958,114.909,114.943,-0.2,0
03/04/2022 15:15,115.019,115.067,114.939,114.947,-7.2,-0.06
03/04/2022 15:00,115.17,115.197,114.993,115.022,-14.8,-0.13
03/04/2022 14:45,115.267,115.307,115.161,115.173,-9.4,-0.08
03/04/2022 14:30,115.402,115.409,115.254,115.27,-13.2,-0.11
03/04/2022 14:15,115.371,115.421,115.329,115.403,3.2,0.03
03/04/2022 14:00,115.421,115.422,115.337,115.368,-5.3,-0.05
03/04/2022 13:45,115.427,115.45,115.375,115.416,-1.1,-0.01
03/04/2022 13:30,115.394,115.464,115.306,115.432,3.8,0.03
03/04/2022 13:15,115.446,115.451,115.383,115.394,-5.2,-0.05
03/04/2022 13:00,115.43,115.463,115.392,115.447,1.7,0.01
03/04/2022 12:45,115.426,115.443,115.417,115.428,0.2,0
03/04/2022 12:30,115.37,115.43,115.367,115.425,5.5,0.05
03/04/2022 12:15,115.364,115.385,115.359,115.374,1,0.01
03/04/2022 12:00,115.383,115.383,115.337,115.364,-1.9,-0.02
03/04/2022 11:45,115.392,115.407,115.351,115.38,-1.2,-0.01
03/04/2022 11:30,115.399,115.399,115.358,115.39,-0.9,-0.01
03/04/2022 11:15,115.337,115.399,115.33,115.399,6.2,0.05
03/04/2022 11:00,115.341,115.376,115.306,115.336,-0.5,0
03/04/2022 10:45,115.39,115.403,115.345,115.347,-4.3,-0.04
03/04/2022 10:30,115.402,115.403,115.356,115.386,-1.6,-0.01
03/04/2022 10:15,115.453,115.453,115.397,115.406,-4.7,-0.04
03/04/2022 10:00,115.413,115.459,115.402,115.449,3.6,0.03
03/04/2022 09:45,115.379,115.418,115.376,115.412,3.3,0.03
03/04/2022 09:30,115.37,115.393,115.357,115.383,1.3,0.01
03/04/2022 09:15,115.361,115.378,115.32,115.365,0.4,0
03/04/2022 09:00,115.395,115.409,115.336,115.365,-3,-0.03
03/04/2022 08:45,115.435,115.452,115.358,115.395,-4,-0.03
03/04/2022 08:30,115.469,115.47,115.404,115.434,-3.5,-0.03
03/04/2022 08:15,115.43,115.475,115.419,115.47,4,0.03
03/04/2022 08:00,115.448,115.454,115.396,115.427,-2.1,-0.02
03/04/2022 07:45,115.464,115.48,115.425,115.452,-1.2,-0.01
03/04/2022 07:30,115.506,115.522,115.456,115.462,-4.4,-0.04
03/04/2022 07:15,115.525,115.527,115.486,115.508,-1.7,-0.01
03/04/2022 07:00,115.492,115.533,115.461,115.522,3,0.03
03/04/2022 06:45,115.494,115.514,115.469,115.488,-0.6,-0.01
03/04/2022 06:30,115.514,115.524,115.49,115.498,-1.6,-0.01
03/04/2022 06:15,115.515,115.528,115.468,115.514,-0.1,0
03/04/2022 06:00,115.442,115.517,115.438,115.514,7.2,0.06
03/04/2022 05:45,115.476,115.48,115.448,115.448,-2.8,-0.02
03/04/2022 05:30,115.417,115.494,115.416,115.475,5.8,0.05
03/04/2022 05:15,115.461,115.463,115.413,115.418,-4.3,-0.04
03/04/2022 05:00,115.441,115.473,115.411,115.465,2.4,0.02
03/04/2022 04:45,115.413,115.441,115.393,115.438,2.5,0.02
03/04/2022 04:30,115.405,115.449,115.39,115.416,1.1,0.01
03/04/2022 04:15,115.369,115.41,115.369,115.403,3.4,0.03
03/04/2022 04:00,115.357,115.385,115.346,115.37,1.3,0.01
03/04/2022 03:45,115.344,115.37,115.319,115.356,1.2,0.01
03/04/2022 03:30,115.357,115.376,115.327,115.344,-1.3,-0.01
03/04/2022 03:15,115.385,115.386,115.332,115.355,-3,-0.03
03/04/2022 03:00,115.372,115.399,115.367,115.387,1.5,0.01
03/04/2022 02:45,115.425,115.43,115.322,115.373,-5.2,-0.05
03/04/2022 02:30,115.406,115.48,115.404,115.421,1.5,0.01
03/04/2022 02:15,115.439,115.45,115.399,115.406,-3.3,-0.03
03/04/2022 02:00,115.476,115.476,115.423,115.442,-3.4,-0.03
03/04/2022 01:45,115.392,115.554,115.39,115.469,7.7,0.07
03/04/2022 01:30,115.411,115.413,115.35,115.398,-1.3,-0.01
03/04/2022 01:15,115.383,115.435,115.367,115.41,2.7,0.02
03/04/2022 01:00,115.411,115.465,115.351,115.383,-2.8,-0.02
03/04/2022 00:45,115.296,115.414,115.273,115.412,11.6,0.1
03/04/2022 00:30,115.351,115.366,115.252,115.293,-5.8,-0.05
03/04/2022 00:15,115.392,115.404,115.329,115.355,-3.7,-0.03
03/04/2022 00:00,115.484,115.487,115.345,115.388,-9.6,-0.08
03/03/2022 23:45,115.47,115.496,115.461,115.479,0.9,0.01
03/03/2022 23:30,115.484,115.486,115.461,115.468,-1.6,-0.01
03/03/2022 23:15,115.484,115.496,115.484,115.488,0.4,0
03/03/2022 23:00,115.461,115.488,115.46,115.484,2.3,0.02
03/03/2022 22:45,115.461,115.469,115.456,115.459,-0.2,0
03/03/2022 22:30,115.465,115.466,115.454,115.462,-0.3,0
03/03/2022 22:15,115.472,115.475,115.463,115.468,-0.4,0
03/03/2022 22:00,115.457,115.474,115.452,115.468,1.1,0.01
03/03/2022 21:45,115.459,115.462,115.442,115.461,0.2,0
03/03/2022 21:30,115.442,115.464,115.438,115.459,1.7,0.01
03/03/2022 21:15,115.439,115.453,115.437,115.44,0.1,0
03/03/2022 21:00,115.44,115.452,115.43,115.44,0,0
03/03/2022 20:45,115.433,115.454,115.424,115.435,0.2,0
03/03/2022 20:30,115.446,115.446,115.416,115.433,-1.3,-0.01
03/03/2022 20:15,115.423,115.447,115.403,115.447,2.4,0.02
03/03/2022 20:00,115.42,115.426,115.382,115.426,0.6,0.01
03/03/2022 19:45,115.431,115.444,115.417,115.419,-1.2,-0.01
03/03/2022 19:30,115.436,115.47,115.427,115.431,-0.5,0
03/03/2022 19:15,115.451,115.453,115.424,115.441,-1,-0.01
03/03/2022 19:00,115.441,115.467,115.429,115.448,0.7,0.01
03/03/2022 18:45,115.439,115.452,115.427,115.441,0.2,0
03/03/2022 18:30,115.497,115.498,115.433,115.442,-5.5,-0.05
03/03/2022 18:15,115.507,115.538,115.483,115.495,-1.2,-0.01
03/03/2022 18:00,115.561,115.561,115.505,115.508,-5.3,-0.05
03/03/2022 17:45,115.617,115.617,115.557,115.562,-5.5,-0.05
03/03/2022 17:30,115.619,115.663,115.607,115.615,-0.4,0
03/03/2022 17:15,115.625,115.657,115.6,115.615,-1,-0.01
03/03/2022 17:00,115.661,115.68,115.623,115.625,-3.6,-0.03
03/03/2022 16:45,115.625,115.669,115.624,115.663,3.8,0.03
03/03/2022 16:30,115.623,115.643,115.575,115.624,0.1,0
03/03/2022 16:15,115.599,115.64,115.582,115.625,2.6,0.02
03/03/2022 16:00,115.637,115.646,115.576,115.599,-3.8,-0.03
03/03/2022 15:45,115.577,115.64,115.569,115.638,6.1,0.05
03/03/2022 15:30,115.597,115.621,115.529,115.581,-1.6,-0.01
03/03/2022 15:15,115.563,115.606,115.528,115.595,3.2,0.03
03/03/2022 15:00,115.581,115.596,115.508,115.559,-2.2,-0.02
03/03/2022 14:45,115.646,115.695,115.6,115.6,-4.6,-0.04
03/03/2022 14:30,115.649,115.674,115.588,115.65,0.1,0
03/03/2022 14:15,115.647,115.66,115.622,115.645,-0.2,0
03/03/2022 14:00,115.661,115.698,115.606,115.648,-1.3,-0.01
03/03/2022 13:45,115.686,115.726,115.645,115.663,-2.3,-0.02
03/03/2022 13:30,115.683,115.729,115.645,115.684,0.1,0
03/03/2022 13:15,115.716,115.721,115.65,115.683,-3.3,-0.03
03/03/2022 13:00,115.715,115.732,115.691,115.722,0.7,0.01
03/03/2022 12:45,115.704,115.727,115.676,115.714,1,0.01
03/03/2022 12:30,115.654,115.718,115.654,115.708,5.4,0.05
03/03/2022 12:15,115.703,115.703,115.643,115.65,-5.3,-0.05
03/03/2022 12:00,115.76,115.76,115.698,115.699,-6.1,-0.05
03/03/2022 11:45,115.768,115.769,115.728,115.763,-0.5,0
03/03/2022 11:30,115.77,115.785,115.746,115.767,-0.3,0
03/03/2022 11:15,115.748,115.777,115.743,115.77,2.2,0.02
03/03/2022 11:00,115.733,115.755,115.712,115.746,1.3,0.01
03/03/2022 10:45,115.743,115.745,115.71,115.733,-1,-0.01
03/03/2022 10:30,115.761,115.767,115.731,115.743,-1.8,-0.02
03/03/2022 10:15,115.753,115.767,115.73,115.762,0.9,0.01
03/03/2022 10:00,115.782,115.783,115.727,115.75,-3.2,-0.03
03/03/2022 09:45,115.765,115.809,115.762,115.785,2,0.02
03/03/2022 09:30,115.767,115.778,115.749,115.766,-0.1,0
03/03/2022 09:15,115.726,115.765,115.713,115.765,3.9,0.03
03/03/2022 09:00,115.698,115.742,115.681,115.722,2.4,0.02
03/03/2022 08:45,115.671,115.72,115.651,115.697,2.6,0.02
03/03/2022 08:30,115.769,115.773,115.669,115.675,-9.4,-0.08
03/03/2022 08:15,115.775,115.791,115.747,115.77,-0.5,0
03/03/2022 08:00,115.724,115.776,115.71,115.774,5,0.04
03/03/2022 07:45,115.698,115.732,115.68,115.723,2.5,0.02
03/03/2022 07:30,115.719,115.738,115.686,115.699,-2,-0.02
03/03/2022 07:15,115.692,115.725,115.692,115.717,2.5,0.02
03/03/2022 07:00,115.698,115.703,115.67,115.69,-0.8,-0.01
03/03/2022 06:45,115.665,115.712,115.66,115.698,3.3,0.03
03/03/2022 06:30,115.693,115.694,115.645,115.663,-3,-0.03
03/03/2022 06:15,115.689,115.704,115.689,115.699,1,0.01
03/03/2022 06:00,115.653,115.704,115.648,115.685,3.2,0.03
03/03/2022 05:45,115.653,115.663,115.627,115.657,0.4,0
03/03/2022 05:30,115.656,115.67,115.649,115.651,-0.5,0
03/03/2022 05:15,115.652,115.663,115.641,115.657,0.5,0
03/03/2022 05:00,115.668,115.671,115.633,115.649,-1.9,-0.02
03/03/2022 04:45,115.694,115.702,115.665,115.672,-2.2,-0.02
03/03/2022 04:30,115.676,115.716,115.676,115.69,1.4,0.01
03/03/2022 04:15,115.692,115.692,115.673,115.676,-1.6,-0.01
03/03/2022 04:00,115.624,115.692,115.623,115.69,6.6,0.06
03/03/2022 03:45,115.652,115.658,115.623,115.625,-2.7,-0.02
03/03/2022 03:30,115.628,115.656,115.626,115.653,2.5,0.02
03/03/2022 03:15,115.633,115.647,115.626,115.63,-0.3,0
03/03/2022 03:00,115.628,115.642,115.616,115.63,0.2,0
03/03/2022 02:45,115.641,115.665,115.628,115.632,-0.9,-0.01
03/03/2022 02:30,115.609,115.654,115.598,115.642,3.3,0.03
03/03/2022 02:15,115.642,115.646,115.584,115.609,-3.3,-0.03
03/03/2022 02:00,115.6,115.643,115.579,115.642,4.2,0.04
03/03/2022 01:45,115.587,115.606,115.575,115.595,0.8,0.01
03/03/2022 01:30,115.578,115.597,115.534,115.589,1.1,0.01
03/03/2022 01:15,115.568,115.605,115.564,115.577,0.9,0.01
03/03/2022 01:00,115.597,115.667,115.57,115.571,-2.6,-0.02
03/03/2022 00:45,115.523,115.611,115.522,115.597,7.4,0.06
03/03/2022 00:30,115.496,115.551,115.496,115.523,2.7,0.02
03/03/2022 00:15,115.522,115.53,115.491,115.496,-2.6,-0.02
03/03/2022 00:00,115.52,115.552,115.497,115.525,0.5,0
03/02/2022 23:45,115.493,115.523,115.49,115.518,2.5,0.02
03/02/2022 23:30,115.492,115.494,115.459,115.493,0.1,0
03/02/2022 23:15,115.462,115.494,115.444,115.492,3,0.03
03/02/2022 23:00,115.517,115.517,115.454,115.461,-5.6,-0.05
03/02/2022 22:45,115.531,115.532,115.511,115.516,-1.5,-0.01
03/02/2022 22:30,115.522,115.532,115.519,115.531,0.9,0.01
03/02/2022 22:15,115.521,115.54,115.521,115.524,0.3,0
03/02/2022 22:00,115.522,115.523,115.514,115.52,-0.2,0
03/02/2022 21:45,115.515,115.528,115.504,115.518,0.3,0
03/02/2022 21:30,115.531,115.533,115.497,115.514,-1.7,-0.01
03/02/2022 21:15,115.525,115.544,115.52,115.531,0.6,0.01
03/02/2022 21:00,115.523,115.565,115.503,115.525,0.2,0
03/02/2022 20:45,115.582,115.586,115.508,115.523,-5.9,-0.05
03/02/2022 20:30,115.561,115.591,115.549,115.581,2,0.02
03/02/2022 20:15,115.535,115.568,115.527,115.56,2.5,0.02
03/02/2022 20:00,115.577,115.577,115.498,115.535,-4.2,-0.04
03/02/2022 19:45,115.574,115.595,115.561,115.579,0.5,0
03/02/2022 19:30,115.559,115.588,115.551,115.575,1.6,0.01
03/02/2022 19:15,115.548,115.57,115.532,115.553,0.5,0
03/02/2022 19:00,115.578,115.587,115.542,115.546,-3.2,-0.03
03/02/2022 18:45,115.537,115.593,115.537,115.577,4,0.03
03/02/2022 18:30,115.54,115.562,115.525,115.54,0,0
03/02/2022 18:15,115.556,115.575,115.54,115.542,-1.4,-0.01
03/02/2022 18:00,115.597,115.616,115.529,115.553,-4.4,-0.04
03/02/2022 17:45,115.606,115.621,115.592,115.599,-0.7,-0.01
03/02/2022 17:30,115.604,115.629,115.601,115.604,0,0
03/02/2022 17:15,115.607,115.626,115.591,115.599,-0.8,-0.01
03/02/2022 17:00,115.602,115.65,115.596,115.608,0.6,0.01
03/02/2022 16:45,115.575,115.607,115.561,115.603,2.8,0.02
03/02/2022 16:30,115.635,115.666,115.532,115.572,-6.3,-0.05
03/02/2022 16:15,115.652,115.684,115.619,115.631,-2.1,-0.02
03/02/2022 16:00,115.565,115.66,115.555,115.657,9.2,0.08
03/02/2022 15:45,115.465,115.57,115.452,115.565,10,0.09
03/02/2022 15:30,115.296,115.499,115.295,115.467,17.1,0.15
03/02/2022 15:15,115.446,115.446,115.246,115.294,-15.2,-0.13
03/02/2022 15:00,115.468,115.526,115.41,115.444,-2.4,-0.02
03/02/2022 14:45,115.485,115.529,115.448,115.473,-1.2,-0.01
03/02/2022 14:30,115.383,115.51,115.377,115.482,9.9,0.09
03/02/2022 14:15,115.389,115.415,115.369,115.382,-0.7,-0.01
03/02/2022 14:00,115.4,115.433,115.364,115.39,-1,-0.01
03/02/2022 13:45,115.393,115.411,115.351,115.397,0.4,0
03/02/2022 13:30,115.39,115.428,115.349,115.391,0.1,0
03/02/2022 13:15,115.324,115.414,115.31,115.393,6.9,0.06
03/02/2022 13:00,115.287,115.343,115.264,115.327,4,0.03
03/02/2022 12:45,115.31,115.33,115.288,115.289,-2.1,-0.02
03/02/2022 12:30,115.359,115.363,115.278,115.31,-4.9,-0.04
03/02/2022 12:15,115.267,115.397,115.263,115.36,9.3,0.08
03/02/2022 12:00,115.25,115.271,115.236,115.262,1.2,0.01
03/02/2022 11:45,115.265,115.272,115.233,115.252,-1.3,-0.01
03/02/2022 11:30,115.237,115.281,115.225,115.264,2.7,0.02
03/02/2022 11:15,115.245,115.275,115.211,115.235,-1,-0.01
03/02/2022 11:00,115.275,115.275,115.232,115.244,-3.1,-0.03
03/02/2022 10:45,115.255,115.281,115.24,115.273,1.8,0.02
03/02/2022 10:30,115.232,115.287,115.214,115.255,2.3,0.02
03/02/2022 10:15,115.249,115.281,115.216,115.235,-1.4,-0.01
03/02/2022 10:00,115.196,115.267,115.195,115.244,4.8,0.04
03/02/2022 09:45,115.218,115.232,115.167,115.201,-1.7,-0.01
03/02/2022 09:30,115.105,115.243,115.086,115.214,10.9,0.09
03/02/2022 09:15,115.219,115.23,115.101,115.104,-11.5,-0.1
03/02/2022 09:00,115.189,115.243,115.158,115.219,3,0.03
03/02/2022 08:45,115.229,115.233,115.149,115.192,-3.7,-0.03
03/02/2022 08:30,115.217,115.265,115.185,115.227,1,0.01
03/02/2022 08:15,115.232,115.25,115.204,115.222,-1,-0.01
03/02/2022 08:00,115.154,115.235,115.151,115.229,7.5,0.07
03/02/2022 07:45,115.128,115.173,115.113,115.157,2.9,0.03
03/02/2022 07:30,115.111,115.141,115.099,115.126,1.5,0.01
03/02/2022 07:15,115.118,115.169,115.106,115.116,-0.2,0
03/02/2022 07:00,115.145,115.158,115.1,115.115,-3,-0.03
03/02/2022 06:45,115.145,115.175,115.141,115.145,0,0
03/02/2022 06:30,115.089,115.163,115.089,115.147,5.8,0.05
03/02/2022 06:15,115.047,115.102,115.042,115.089,4.2,0.04
03/02/2022 06:00,115.057,115.075,115.025,115.045,-1.2,-0.01
03/02/2022 05:45,115.089,115.106,115.056,115.059,-3,-0.03
03/02/2022 05:30,115.072,115.106,115.067,115.092,2,0.02
03/02/2022 05:15,115.05,115.084,115.047,115.075,2.5,0.02
03/02/2022 05:00,115.039,115.056,115.03,115.043,0.4,0
03/02/2022 04:45,115.045,115.065,115.039,115.041,-0.4,0
03/02/2022 04:30,115.039,115.06,115.038,115.045,0.6,0.01
03/02/2022 04:15,115.03,115.048,115.014,115.04,1,0.01
03/02/2022 04:00,115.043,115.049,115.03,115.033,-1,-0.01
03/02/2022 03:45,115.014,115.041,115.014,115.039,2.5,0.02
03/02/2022 03:30,115.048,115.061,115.014,115.016,-3.2,-0.03
03/02/2022 03:15,115.037,115.05,115.021,115.044,0.7,0.01
03/02/2022 03:00,114.992,115.048,114.983,115.038,4.6,0.04
03/02/2022 02:45,115.002,115.014,114.969,114.996,-0.6,-0.01
03/02/2022 02:30,115.013,115.061,114.989,115,-1.3,-0.01
03/02/2022 02:15,115.022,115.04,114.988,115.012,-1,-0.01
03/02/2022 02:00,114.999,115.025,114.984,115.02,2.1,0.02
03/02/2022 01:45,115.016,115.029,114.989,115.004,-1.2,-0.01
03/02/2022 01:30,115.031,115.036,114.998,115.011,-2,-0.02
03/02/2022 01:15,115.04,115.054,115.004,115.034,-0.6,-0.01
03/02/2022 01:00,114.993,115.084,114.983,115.043,5,0.04
03/02/2022 00:45,114.926,115.022,114.916,114.991,6.5,0.06
03/02/2022 00:30,114.879,114.93,114.87,114.924,4.5,0.04
03/02/2022 00:15,114.825,114.889,114.813,114.884,5.9,0.05
03/02/2022 00:00,114.84,114.845,114.789,114.822,-1.8,-0.02
03/01/2022 23:45,114.852,114.873,114.813,114.839,-1.3,-0.01
03/01/2022 23:30,114.834,114.881,114.822,114.857,2.3,0.02
03/01/2022 23:15,114.871,114.895,114.794,114.829,-4.2,-0.04
03/01/2022 23:00,114.897,114.911,114.86,114.87,-2.7,-0.02
03/01/2022 22:45,114.882,114.899,114.882,114.896,1.4,0.01
03/01/2022 22:30,114.901,114.902,114.884,114.886,-1.5,-0.01
03/01/2022 22:15,114.895,114.902,114.87,114.902,0.7,0.01
03/01/2022 22:00,114.892,114.899,114.891,114.891,-0.1,0
03/01/2022 21:45,114.887,114.926,114.886,114.906,1.9,0.02
03/01/2022 21:30,114.849,114.886,114.842,114.884,3.5,0.03
03/01/2022 21:15,114.828,114.862,114.823,114.848,2,0.02
03/01/2022 21:00,114.822,114.856,114.807,114.83,0.8,0.01
03/01/2022 20:45,114.853,114.853,114.815,114.82,-3.3,-0.03
03/01/2022 20:30,114.868,114.905,114.86,114.86,-0.8,-0.01
03/01/2022 20:15,114.889,114.9,114.869,114.871,-1.8,-0.02
03/01/2022 20:00,114.86,114.913,114.846,114.892,3.2,0.03
03/01/2022 19:45,114.804,114.91,114.8,114.859,5.5,0.05
03/01/2022 19:30,114.812,114.815,114.772,114.801,-1.1,-0.01
03/01/2022 19:15,114.809,114.828,114.788,114.818,0.9,0.01
03/01/2022 19:00,114.73,114.819,114.723,114.809,7.9,0.07
03/01/2022 18:45,114.711,114.75,114.703,114.727,1.6,0.01
03/01/2022 18:30,114.765,114.774,114.701,114.712,-5.3,-0.05
03/01/2022 18:15,114.783,114.799,114.758,114.762,-2.1,-0.02
03/01/2022 18:00,114.84,114.859,114.777,114.787,-5.3,-0.05
03/01/2022 17:45,114.811,114.836,114.767,114.836,2.5,0.02
03/01/2022 17:30,114.874,114.88,114.813,114.817,-5.7,-0.05
03/01/2022 17:15,114.867,114.882,114.809,114.873,0.6,0.01
03/01/2022 17:00,114.89,114.909,114.853,114.866,-2.4,-0.02
03/01/2022 16:45,114.851,114.912,114.844,114.89,3.9,0.03
03/01/2022 16:30,114.904,114.923,114.789,114.849,-5.5,-0.05
03/01/2022 16:15,114.913,114.921,114.864,114.905,-0.8,-0.01
03/01/2022 16:00,114.802,114.909,114.794,114.909,10.7,0.09
03/01/2022 15:45,114.8,114.843,114.755,114.804,0.4,0
03/01/2022 15:30,114.835,114.889,114.798,114.8,-3.5,-0.03
03/01/2022 15:15,114.894,114.894,114.825,114.835,-5.9,-0.05
03/01/2022 15:00,114.881,114.945,114.817,114.893,1.2,0.01
03/01/2022 14:45,114.871,114.928,114.838,114.882,1.1,0.01
03/01/2022 14:30,114.869,114.905,114.822,114.872,0.3,0
03/01/2022 14:15,114.889,114.892,114.825,114.87,-1.9,-0.02
03/01/2022 14:00,114.913,114.915,114.858,114.885,-2.8,-0.02
03/01/2022 13:45,114.908,114.951,114.896,114.915,0.7,0.01
03/01/2022 13:30,114.906,114.942,114.877,114.911,0.5,0
03/01/2022 13:15,114.803,114.906,114.76,114.902,9.9,0.09
03/01/2022 13:00,114.827,114.846,114.779,114.807,-2,-0.02
03/01/2022 12:45,114.803,114.877,114.793,114.825,2.2,0.02
03/01/2022 12:30,114.812,114.839,114.769,114.801,-1.1,-0.01
03/01/2022 12:15,114.753,114.817,114.746,114.817,6.4,0.06
03/01/2022 12:00,114.806,114.82,114.713,114.749,-5.7,-0.05
03/01/2022 11:45,114.812,114.817,114.771,114.806,-0.6,-0.01
03/01/2022 11:30,114.797,114.851,114.772,114.811,1.4,0.01
03/01/2022 11:15,114.767,114.86,114.752,114.799,3.2,0.03
03/01/2022 11:00,114.857,114.861,114.744,114.762,-9.5,-0.08
03/01/2022 10:45,114.874,114.887,114.85,114.858,-1.6,-0.01
03/01/2022 10:30,114.819,114.885,114.792,114.873,5.4,0.05
03/01/2022 10:15,114.834,114.887,114.807,114.819,-1.5,-0.01
03/01/2022 10:00,114.779,114.841,114.772,114.837,5.8,0.05
03/01/2022 09:45,114.753,114.801,114.75,114.78,2.7,0.02
03/01/2022 09:30,114.82,114.853,114.75,114.752,-6.8,-0.06
03/01/2022 09:15,114.891,114.901,114.804,114.822,-6.9,-0.06
03/01/2022 09:00,114.925,114.957,114.874,114.891,-3.4,-0.03
03/01/2022 08:45,114.952,114.972,114.924,114.925,-2.7,-0.02
03/01/2022 08:30,114.97,115.003,114.923,114.955,-1.5,-0.01
03/01/2022 08:15,114.986,115.002,114.948,114.968,-1.8,-0.02
03/01/2022 08:00,115.036,115.067,114.954,114.983,-5.3,-0.05
03/01/2022 07:45,115.071,115.071,115.034,115.035,-3.6,-0.03
03/01/2022 07:30,115.05,115.079,115.017,115.075,2.5,0.02
03/01/2022 07:15,115.014,115.052,115.005,115.048,3.4,0.03
03/01/2022 07:00,115.053,115.053,114.993,115.012,-4.1,-0.04
03/01/2022 06:45,115.104,115.104,115.045,115.058,-4.6,-0.04
03/01/2022 06:30,115.093,115.123,115.086,115.102,0.9,0.01
03/01/2022 06:15,115.085,115.113,115.079,115.098,1.3,0.01
03/01/2022 06:00,115.058,115.113,115.058,115.085,2.7,0.02
03/01/2022 05:45,115.044,115.065,115.014,115.055,1.1,0.01
03/01/2022 05:30,115.065,115.065,115.016,115.045,-2,-0.02
03/01/2022 05:15,115.098,115.1,115.048,115.065,-3.3,-0.03
03/01/2022 05:00,115.135,115.156,115.097,115.097,-3.8,-0.03
03/01/2022 04:45,115.13,115.141,115.116,115.138,0.8,0.01
03/01/2022 04:30,115.167,115.169,115.117,115.129,-3.8,-0.03
03/01/2022 04:15,115.164,115.173,115.146,115.167,0.3,0
03/01/2022 04:00,115.147,115.177,115.141,115.163,1.6,0.01
03/01/2022 03:45,115.158,115.161,115.133,115.15,-0.8,-0.01
03/01/2022 03:30,115.164,115.18,115.144,115.157,-0.7,-0.01
03/01/2022 03:15,115.185,115.191,115.163,115.165,-2,-0.02
03/01/2022 03:00,115.186,115.187,115.145,115.187,0.1,0
03/01/2022 02:45,115.171,115.195,115.152,115.182,1.1,0.01
03/01/2022 02:30,115.21,115.214,115.136,115.173,-3.7,-0.03
03/01/2022 02:15,115.195,115.222,115.192,115.211,1.6,0.01
03/01/2022 02:00,115.194,115.221,115.176,115.193,-0.1,0
03/01/2022 01:45,115.201,115.204,115.171,115.195,-0.6,-0.01
03/01/2022 01:30,115.202,115.214,115.182,115.199,-0.3,0
03/01/2022 01:15,115.232,115.255,115.203,115.204,-2.8,-0.02
03/01/2022 01:00,115.26,115.269,115.229,115.23,-3,-0.03
03/01/2022 00:45,115.142,115.29,115.14,115.261,11.9,0.1
03/01/2022 00:30,115.061,115.146,115.061,115.139,7.8,0.07
03/01/2022 00:15,115.039,115.073,115.037,115.061,2.2,0.02
03/01/2022 00:00,115.087,115.107,114.997,115.043,-4.4,-0.04
02/28/2022 23:45,115.064,115.083,115.053,115.083,1.9,0.02
02/28/2022 23:30,115.037,115.074,115.023,115.067,3,0.03
02/28/2022 23:15,115.044,115.066,115.033,115.04,-0.4,0
02/28/2022 23:00,114.998,115.084,114.997,115.045,4.7,0.04
02/28/2022 22:45,114.984,115.002,114.984,114.996,1.2,0.01
02/28/2022 22:30,114.981,114.997,114.98,114.987,0.6,0.01
02/28/2022 22:15,114.981,114.992,114.964,114.979,-0.2,0
02/28/2022 22:00,114.996,114.996,114.985,114.985,-1.1,-0.01
02/28/2022 21:45,114.949,114.974,114.946,114.972,2.3,0.02
02/28/2022 21:30,114.923,114.948,114.904,114.948,2.5,0.02
02/28/2022 21:15,114.931,114.944,114.908,114.922,-0.9,-0.01
02/28/2022 21:00,114.955,114.965,114.922,114.937,-1.8,-0.02
02/28/2022 20:45,114.945,114.98,114.937,114.958,1.3,0.01
02/28/2022 20:30,114.953,114.954,114.896,114.94,-1.3,-0.01
02/28/2022 20:15,114.993,115.014,114.941,114.954,-3.9,-0.03
02/28/2022 20:00,114.861,114.992,114.861,114.99,12.9,0.11
02/28/2022 19:45,114.896,114.932,114.864,114.864,-3.2,-0.03
02/28/2022 19:30,114.927,114.936,114.896,114.897,-3,-0.03
02/28/2022 19:15,114.928,114.954,114.88,114.928,0,0
02/28/2022 19:00,114.957,114.98,114.922,114.925,-3.2,-0.03
02/28/2022 18:45,115.005,115.01,114.955,114.955,-5,-0.04
02/28/2022 18:30,115.007,115.029,115,115.008,0.1,0
02/28/2022 18:15,115.047,115.06,114.993,115.007,-4,-0.03
02/28/2022 18:00,115.111,115.119,115.048,115.049,-6.2,-0.05
02/28/2022 17:45,115.083,115.136,115.067,115.114,3.1,0.03
02/28/2022 17:30,115.096,115.119,115.063,115.083,-1.3,-0.01
02/28/2022 17:15,115.048,115.101,114.991,115.096,4.8,0.04
02/28/2022 17:00,115.122,115.125,114.982,115.045,-7.7,-0.07
02/28/2022 16:45,115.215,115.243,115.123,115.124,-9.1,-0.08
02/28/2022 16:30,115.274,115.285,115.209,115.219,-5.5,-0.05
02/28/2022 16:15,115.191,115.301,115.151,115.272,8.1,0.07
02/28/2022 16:00,115.168,115.217,115.138,115.197,2.9,0.03
02/28/2022 15:45,115.337,115.423,115.147,115.16,-17.7,-0.15
02/28/2022 15:30,115.273,115.397,115.253,115.339,6.6,0.06
02/28/2022 15:15,115.196,115.289,115.158,115.271,7.5,0.07
02/28/2022 15:00,115.276,115.278,115.16,115.195,-8.1,-0.07
02/28/2022 14:45,115.231,115.293,115.2,115.28,4.9,0.04
02/28/2022 14:30,115.303,115.35,115.157,115.228,-7.5,-0.07
02/28/2022 14:15,115.348,115.35,115.289,115.304,-4.4,-0.04
02/28/2022 14:00,115.321,115.384,115.311,115.345,2.4,0.02
02/28/2022 13:45,115.385,115.405,115.32,115.326,-5.9,-0.05
02/28/2022 13:30,115.482,115.486,115.372,115.38,-10.2,-0.09
02/28/2022 13:15,115.475,115.509,115.465,115.479,0.4,0
02/28/2022 13:00,115.508,115.515,115.459,115.472,-3.6,-0.03
02/28/2022 12:45,115.514,115.532,115.501,115.511,-0.3,0
02/28/2022 12:30,115.542,115.547,115.506,115.509,-3.3,-0.03
02/28/2022 12:15,115.557,115.557,115.526,115.546,-1.1,-0.01
02/28/2022 12:00,115.542,115.566,115.526,115.554,1.2,0.01
02/28/2022 11:45,115.523,115.55,115.513,115.542,1.9,0.02
02/28/2022 11:30,115.55,115.567,115.517,115.524,-2.6,-0.02
02/28/2022 11:15,115.565,115.574,115.543,115.553,-1.2,-0.01
02/28/2022 11:00,115.551,115.582,115.541,115.561,1,0.01
02/28/2022 10:45,115.585,115.607,115.538,115.556,-2.9,-0.03
02/28/2022 10:30,115.597,115.606,115.564,115.583,-1.4,-0.01
02/28/2022 10:15,115.565,115.643,115.565,115.601,3.6,0.03
02/28/2022 10:00,115.549,115.578,115.539,115.562,1.3,0.01
02/28/2022 09:45,115.525,115.572,115.506,115.544,1.9,0.02
02/28/2022 09:30,115.578,115.58,115.52,115.526,-5.2,-0.05
02/28/2022 09:15,115.554,115.593,115.554,115.582,2.8,0.02
02/28/2022 09:00,115.563,115.595,115.544,115.553,-1,-0.01
02/28/2022 08:45,115.613,115.618,115.545,115.564,-4.9,-0.04
02/28/2022 08:30,115.541,115.623,115.529,115.614,7.3,0.06
02/28/2022 08:15,115.548,115.573,115.524,115.537,-1.1,-0.01
02/28/2022 08:00,115.501,115.559,115.458,115.552,5.1,0.04
02/28/2022 07:45,115.553,115.568,115.491,115.495,-5.8,-0.05
02/28/2022 07:30,115.501,115.582,115.485,115.555,5.4,0.05
02/28/2022 07:15,115.542,115.551,115.487,115.505,-3.7,-0.03
02/28/2022 07:00,115.54,115.551,115.52,115.541,0.1,0
02/28/2022 06:45,115.528,115.561,115.509,115.537,0.9,0.01
02/28/2022 06:30,115.524,115.539,115.502,115.533,0.9,0.01
02/28/2022 06:15,115.491,115.532,115.484,115.52,2.9,0.03
02/28/2022 06:00,115.546,115.547,115.488,115.491,-5.5,-0.05
02/28/2022 05:45,115.547,115.555,115.509,115.546,-0.1,0
02/28/2022 05:30,115.529,115.563,115.527,115.547,1.8,0.02
02/28/2022 05:15,115.557,115.561,115.521,115.525,-3.2,-0.03
02/28/2022 05:00,115.573,115.579,115.54,115.56,-1.3,-0.01
02/28/2022 04:45,115.539,115.69,115.531,115.572,3.3,0.03
02/28/2022 04:30,115.527,115.541,115.497,115.54,1.3,0.01
02/28/2022 04:15,115.546,115.554,115.529,115.529,-1.7,-0.01
02/28/2022 04:00,115.527,115.552,115.523,115.546,1.9,0.02
02/28/2022 03:45,115.497,115.53,115.48,115.519,2.2,0.02
02/28/2022 03:30,115.519,115.554,115.499,115.5,-1.9,-0.02
02/28/2022 03:15,115.493,115.532,115.485,115.512,1.9,0.02
02/28/2022 03:00,115.492,115.507,115.446,115.493,0.1,0
02/28/2022 02:45,115.474,115.496,115.449,115.496,2.2,0.02
02/28/2022 02:30,115.515,115.515,115.448,115.474,-4.1,-0.04
02/28/2022 02:15,115.476,115.514,115.475,115.51,3.4,0.03
02/28/2022 02:00,115.517,115.522,115.465,115.474,-4.3,-0.04
02/28/2022 01:45,115.584,115.584,115.513,115.521,-6.3,-0.05
02/28/2022 01:30,115.579,115.597,115.496,115.588,0.9,0.01
02/28/2022 01:15,115.584,115.592,115.537,115.573,-1.1,-0.01
02/28/2022 01:00,115.575,115.603,115.523,115.589,1.4,0.01
02/28/2022 00:45,115.542,115.577,115.458,115.575,3.3,0.03
02/28/2022 00:30,115.598,115.629,115.538,115.544,-5.4,-0.05
02/28/2022 00:15,115.597,115.62,115.554,115.594,-0.3,0
02/28/2022 00:00,115.587,115.665,115.561,115.595,0.8,0.01
02/27/2022 23:45,115.622,115.626,115.553,115.589,-3.3,-0.03
02/27/2022 23:30,115.678,115.704,115.594,115.62,-5.8,-0.05
02/27/2022 23:15,115.616,115.739,115.563,115.674,5.8,0.05
02/27/2022 23:00,115.52,115.625,115.36,115.618,9.8,0.08
02/27/2022 22:45,115.537,115.562,115.456,115.519,-1.8,-0.02
02/27/2022 22:30,115.623,115.623,115.521,115.552,-7.1,-0.06
02/27/2022 22:15,115.729,115.776,115.598,115.619,-11,-0.1
02/27/2022 22:00,115.311,115.723,115.306,115.723,41.2,0.36
02/25/2022 21:45,115.542,115.547,115.52,115.531,-1.1,-0.01
02/25/2022 21:30,115.549,115.564,115.523,115.544,-0.5,0
02/25/2022 21:15,115.52,115.552,115.52,115.547,2.7,0.02
02/25/2022 21:00,115.534,115.541,115.52,115.522,-1.2,-0.01
02/25/2022 20:45,115.526,115.541,115.521,115.533,0.7,0.01
02/25/2022 20:30,115.559,115.563,115.526,115.529,-3,-0.03
02/25/2022 20:15,115.565,115.595,115.554,115.556,-0.9,-0.01
02/25/2022 20:00,115.597,115.605,115.546,115.565,-3.2,-0.03
02/25/2022 19:45,115.645,115.647,115.586,115.593,-5.2,-0.04
02/25/2022 19:30,115.66,115.664,115.641,115.654,-0.6,-0.01
02/25/2022 19:15,115.659,115.669,115.652,115.658,-0.1,0
02/25/2022 19:00,115.685,115.685,115.639,115.654,-3.1,-0.03
02/25/2022 18:45,115.705,115.719,115.677,115.687,-1.8,-0.02
02/25/2022 18:30,115.712,115.716,115.69,115.704,-0.8,-0.01
02/25/2022 18:15,115.716,115.722,115.694,115.713,-0.3,0
02/25/2022 18:00,115.749,115.751,115.699,115.719,-3,-0.03
02/25/2022 17:45,115.748,115.758,115.737,115.748,0,0
02/25/2022 17:30,115.682,115.758,115.678,115.751,6.9,0.06
02/25/2022 17:15,115.662,115.691,115.653,115.678,1.6,0.01
02/25/2022 17:00,115.631,115.664,115.603,115.662,3.1,0.03
02/25/2022 16:45,115.624,115.634,115.592,115.632,0.8,0.01
02/25/2022 16:30,115.608,115.633,115.588,115.623,1.5,0.01
02/25/2022 16:15,115.584,115.616,115.561,115.606,2.2,0.02
02/25/2022 16:00,115.575,115.604,115.522,115.586,1.1,0.01
02/25/2022 15:45,115.492,115.596,115.466,115.571,7.9,0.07
02/25/2022 15:30,115.527,115.536,115.474,115.494,-3.3,-0.03
02/25/2022 15:15,115.567,115.607,115.527,115.528,-3.9,-0.03
02/25/2022 15:00,115.628,115.628,115.526,115.57,-5.8,-0.05
02/25/2022 14:45,115.522,115.627,115.515,115.625,10.3,0.09
02/25/2022 14:30,115.509,115.558,115.484,115.524,1.5,0.01
02/25/2022 14:15,115.496,115.53,115.469,115.508,1.2,0.01
02/25/2022 14:00,115.553,115.554,115.467,115.492,-6.1,-0.05
02/25/2022 13:45,115.566,115.589,115.498,115.556,-1,-0.01
02/25/2022 13:30,115.586,115.609,115.517,115.568,-1.8,-0.02
02/25/2022 13:15,115.58,115.606,115.539,115.589,0.9,0.01
02/25/2022 13:00,115.57,115.611,115.547,115.581,1.1,0.01
02/25/2022 12:45,115.521,115.593,115.51,115.568,4.7,0.04
02/25/2022 12:30,115.496,115.532,115.459,115.519,2.3,0.02
02/25/2022 12:15,115.449,115.519,115.444,115.494,4.5,0.04
02/25/2022 12:00,115.473,115.489,115.446,115.45,-2.3,-0.02
02/25/2022 11:45,115.454,115.49,115.42,115.467,1.3,0.01
02/25/2022 11:30,115.493,115.498,115.45,115.458,-3.5,-0.03
02/25/2022 11:15,115.416,115.503,115.405,115.498,8.2,0.07
02/25/2022 11:00,115.385,115.43,115.367,115.415,3,0.03
02/25/2022 10:45,115.354,115.394,115.346,115.383,2.9,0.03
02/25/2022 10:30,115.356,115.395,115.336,115.355,-0.1,0
02/25/2022 10:15,115.322,115.358,115.315,115.356,3.4,0.03
02/25/2022 10:00,115.324,115.353,115.299,115.324,0,0
02/25/2022 09:45,115.345,115.377,115.322,115.323,-2.2,-0.02
02/25/2022 09:30,115.279,115.377,115.275,115.348,6.9,0.06
02/25/2022 09:15,115.329,115.334,115.26,115.275,-5.4,-0.05
02/25/2022 09:00,115.308,115.354,115.283,115.333,2.5,0.02
02/25/2022 08:45,115.272,115.329,115.26,115.307,3.5,0.03
02/25/2022 08:30,115.267,115.289,115.185,115.267,0,0
02/25/2022 08:15,115.321,115.338,115.246,115.272,-4.9,-0.04
02/25/2022 08:00,115.284,115.324,115.219,115.316,3.2,0.03
02/25/2022 07:45,115.309,115.351,115.263,115.286,-2.3,-0.02
02/25/2022 07:30,115.308,115.335,115.287,115.31,0.2,0
02/25/2022 07:15,115.268,115.318,115.211,115.309,4.1,0.04
02/25/2022 07:00,115.237,115.277,115.209,115.27,3.3,0.03
02/25/2022 06:45,115.249,115.279,115.235,115.238,-1.1,-0.01
02/25/2022 06:30,115.234,115.277,115.224,115.246,1.2,0.01
02/25/2022 06:15,115.229,115.229,115.187,115.228,-0.1,0
02/25/2022 06:00,115.182,115.235,115.179,115.228,4.6,0.04
02/25/2022 05:45,115.199,115.209,115.163,115.181,-1.8,-0.02
02/25/2022 05:30,115.188,115.237,115.188,115.201,1.3,0.01
02/25/2022 05:15,115.199,115.207,115.175,115.191,-0.8,-0.01
02/25/2022 05:00,115.193,115.215,115.166,115.198,0.5,0
02/25/2022 04:45,115.206,115.228,115.173,115.19,-1.6,-0.01
02/25/2022 04:30,115.18,115.206,115.146,115.206,2.6,0.02
02/25/2022 04:15,115.249,115.251,115.154,115.183,-6.6,-0.06
02/25/2022 04:00,115.245,115.29,115.238,115.251,0.6,0.01
02/25/2022 03:45,115.191,115.258,115.186,115.24,4.9,0.04
02/25/2022 03:30,115.271,115.277,115.178,115.191,-8,-0.07
02/25/2022 03:15,115.303,115.33,115.271,115.272,-3.1,-0.03
02/25/2022 03:00,115.272,115.311,115.27,115.303,3.1,0.03
02/25/2022 02:45,115.287,115.325,115.257,115.274,-1.3,-0.01
02/25/2022 02:30,115.292,115.34,115.28,115.287,-0.5,0
02/25/2022 02:15,115.386,115.391,115.274,115.29,-9.6,-0.08
02/25/2022 02:00,115.439,115.439,115.344,115.384,-5.5,-0.05
02/25/2022 01:45,115.429,115.479,115.42,115.438,0.9,0.01
02/25/2022 01:30,115.552,115.556,115.425,115.427,-12.5,-0.11
02/25/2022 01:15,115.444,115.622,115.382,115.551,10.7,0.09
02/25/2022 01:00,115.492,115.499,115.381,115.446,-4.6,-0.04
02/25/2022 00:45,115.606,115.609,115.432,115.491,-11.5,-0.1
02/25/2022 00:30,115.558,115.613,115.542,115.606,4.8,0.04
02/25/2022 00:15,115.582,115.585,115.523,115.559,-2.3,-0.02
02/25/2022 00:00,115.546,115.597,115.521,115.581,3.5,0.03
02/24/2022 23:45,115.541,115.6,115.535,115.552,1.1,0.01
02/24/2022 23:30,115.536,115.543,115.508,115.535,-0.1,0
02/24/2022 23:15,115.471,115.57,115.47,115.539,6.8,0.06
02/24/2022 23:00,115.497,115.529,115.445,115.476,-2.1,-0.02
02/24/2022 22:45,115.491,115.506,115.482,115.492,0.1,0
02/24/2022 22:30,115.501,115.511,115.471,115.49,-1.1,-0.01
02/24/2022 22:15,115.505,115.52,115.5,115.501,-0.4,0
02/24/2022 22:00,115.47,115.529,115.466,115.517,4.7,0.04
02/24/2022 21:45,115.552,115.552,115.521,115.531,-2.1,-0.02
02/24/2022 21:30,115.556,115.572,115.53,115.552,-0.4,0
02/24/2022 21:15,115.559,115.574,115.548,115.556,-0.3,0
02/24/2022 21:00,115.591,115.626,115.531,115.562,-2.9,-0.03
02/24/2022 20:45,115.61,115.627,115.573,115.589,-2.1,-0.02
02/24/2022 20:30,115.605,115.658,115.598,115.614,0.9,0.01
02/24/2022 20:15,115.683,115.687,115.584,115.605,-7.8,-0.07
02/24/2022 20:00,115.682,115.693,115.621,115.682,0,0
02/24/2022 19:45,115.614,115.692,115.579,115.687,7.3,0.06
02/24/2022 19:30,115.537,115.655,115.537,115.615,7.8,0.07
02/24/2022 19:15,115.453,115.558,115.437,115.537,8.4,0.07
02/24/2022 19:00,115.362,115.454,115.359,115.452,9,0.08
02/24/2022 18:45,115.366,115.406,115.314,115.357,-0.9,-0.01
02/24/2022 18:30,115.376,115.425,115.364,115.367,-0.9,-0.01
02/24/2022 18:15,115.38,115.399,115.368,115.376,-0.4,0
02/24/2022 18:00,115.344,115.385,115.326,115.381,3.7,0.03
02/24/2022 17:45,115.341,115.372,115.327,115.339,-0.2,0
02/24/2022 17:30,115.271,115.366,115.268,115.343,7.2,0.06
02/24/2022 17:15,115.367,115.396,115.264,115.268,-9.9,-0.09
02/24/2022 17:00,115.466,115.481,115.363,115.373,-9.3,-0.08
02/24/2022 16:45,115.381,115.481,115.381,115.468,8.7,0.08
02/24/2022 16:30,115.409,115.437,115.371,115.381,-2.8,-0.02
02/24/2022 16:15,115.498,115.501,115.366,115.41,-8.8,-0.08
02/24/2022 16:00,115.604,115.654,115.501,115.501,-10.3,-0.09
02/24/2022 15:45,115.465,115.619,115.462,115.603,13.8,0.12
02/24/2022 15:30,115.406,115.477,115.373,115.465,5.9,0.05
02/24/2022 15:15,115.425,115.456,115.371,115.405,-2,-0.02
02/24/2022 15:00,115.167,115.453,115.163,115.419,25.2,0.22
02/24/2022 14:45,115.057,115.181,115.052,115.166,10.9,0.09
02/24/2022 14:30,114.96,115.066,114.954,115.06,10,0.09
02/24/2022 14:15,114.995,115.12,114.927,114.957,-3.8,-0.03
02/24/2022 14:00,114.903,115.011,114.9,114.994,9.1,0.08
02/24/2022 13:45,114.919,115.001,114.89,114.903,-1.6,-0.01
02/24/2022 13:30,114.819,114.926,114.796,114.92,10.1,0.09
02/24/2022 13:15,114.914,114.953,114.833,114.883,-3.1,-0.03
02/24/2022 13:00,114.788,114.949,114.782,114.907,11.9,0.1
02/24/2022 12:45,114.686,114.793,114.674,114.79,10.4,0.09
02/24/2022 12:30,114.671,114.694,114.609,114.688,1.7,0.01
02/24/2022 12:15,114.749,114.75,114.664,114.671,-7.8,-0.07
02/24/2022 12:00,114.785,114.786,114.709,114.751,-3.4,-0.03
02/24/2022 11:45,114.769,114.822,114.727,114.782,1.3,0.01
02/24/2022 11:30,114.654,114.778,114.635,114.773,11.9,0.1
02/24/2022 11:15,114.636,114.731,114.623,114.65,1.4,0.01
02/24/2022 11:00,114.66,114.692,114.571,114.635,-2.5,-0.02
02/24/2022 10:45,114.691,114.736,114.66,114.663,-2.8,-0.02
02/24/2022 10:30,114.671,114.719,114.629,114.694,2.3,0.02
02/24/2022 10:15,114.754,114.772,114.624,114.667,-8.7,-0.08
02/24/2022 10:00,114.73,114.78,114.716,114.755,2.5,0.02
02/24/2022 09:45,114.723,114.777,114.703,114.732,0.9,0.01
02/24/2022 09:30,114.705,114.762,114.701,114.724,1.9,0.02
02/24/2022 09:15,114.739,114.754,114.668,114.708,-3.1,-0.03
02/24/2022 09:00,114.667,114.769,114.639,114.736,6.9,0.06
02/24/2022 08:45,114.666,114.679,114.608,114.668,0.2,0
02/24/2022 08:30,114.744,114.751,114.652,114.668,-7.6,-0.07
02/24/2022 08:15,114.651,114.784,114.633,114.743,9.2,0.08
02/24/2022 08:00,114.625,114.717,114.592,114.652,2.7,0.02
02/24/2022 07:45,114.579,114.656,114.539,114.626,4.7,0.04
02/24/2022 07:30,114.496,114.591,114.453,114.579,8.3,0.07
02/24/2022 07:15,114.46,114.499,114.407,114.495,3.5,0.03
02/24/2022 07:00,114.428,114.501,114.421,114.461,3.3,0.03
02/24/2022 06:45,114.503,114.503,114.414,114.433,-7,-0.06
02/24/2022 06:30,114.501,114.509,114.458,114.503,0.2,0
02/24/2022 06:15,114.508,114.584,114.433,114.496,-1.2,-0.01
02/24/2022 06:00,114.561,114.624,114.498,114.509,-5.2,-0.05
02/24/2022 05:45,114.568,114.607,114.551,114.563,-0.5,0
02/24/2022 05:30,114.608,114.622,114.497,114.569,-3.9,-0.03
02/24/2022 05:15,114.642,114.646,114.584,114.609,-3.3,-0.03
02/24/2022 05:00,114.66,114.676,114.576,114.64,-2,-0.02
02/24/2022 04:45,114.62,114.734,114.597,114.665,4.5,0.04
02/24/2022 04:30,114.588,114.656,114.555,114.616,2.8,0.02
02/24/2022 04:15,114.572,114.653,114.512,114.587,1.5,0.01
02/24/2022 04:00,114.697,114.726,114.564,114.571,-12.6,-0.11
02/24/2022 03:45,114.742,114.816,114.654,114.697,-4.5,-0.04
02/24/2022 03:30,114.878,114.878,114.689,114.745,-13.3,-0.12
02/24/2022 03:15,114.895,114.946,114.837,114.88,-1.5,-0.01
02/24/2022 03:00,115.021,115.078,114.841,114.897,-12.4,-0.11
02/24/2022 02:45,115.086,115.102,114.975,115.021,-6.5,-0.06
02/24/2022 02:30,115.04,115.105,115.038,115.086,4.6,0.04
02/24/2022 02:15,115.06,115.07,115.004,115.037,-2.3,-0.02
02/24/2022 02:00,115.083,115.088,115.039,115.067,-1.6,-0.01
02/24/2022 01:45,114.988,115.119,114.971,115.083,9.5,0.08
02/24/2022 01:30,114.931,114.99,114.929,114.989,5.8,0.05
02/24/2022 01:15,114.959,114.991,114.929,114.93,-2.9,-0.03
02/24/2022 01:00,114.907,114.984,114.883,114.962,5.5,0.05
02/24/2022 00:45,114.866,114.942,114.861,114.911,4.5,0.04
02/24/2022 00:30,114.885,114.885,114.826,114.861,-2.4,-0.02
02/24/2022 00:15,114.921,114.941,114.841,114.885,-3.6,-0.03
02/24/2022 00:00,114.898,114.932,114.853,114.92,2.2,0.02
02/23/2022 23:45,114.922,114.934,114.872,114.896,-2.6,-0.02
02/23/2022 23:30,114.898,114.94,114.886,114.923,2.5,0.02
02/23/2022 23:15,114.961,114.961,114.889,114.896,-6.5,-0.06
02/23/2022 23:00,114.984,114.993,114.924,114.965,-1.9,-0.02
02/23/2022 22:45,115,115.005,114.969,114.98,-2,-0.02
02/23/2022 22:30,114.984,115.008,114.982,114.996,1.2,0.01
02/23/2022 22:15,114.966,115.008,114.965,114.986,2,0.02
02/23/2022 22:00,114.978,114.985,114.955,114.983,0.5,0
02/23/2022 21:45,115.017,115.028,115.006,115.011,-0.6,-0.01
02/23/2022 21:30,115.017,115.027,115.01,115.017,0,0
02/23/2022 21:15,114.984,115.014,114.98,115.014,3,0.03
02/23/2022 21:00,115.002,115.003,114.974,114.986,-1.6,-0.01
02/23/2022 20:45,115,115.018,114.982,115.003,0.3,0
02/23/2022 20:30,115.006,115.027,114.997,115.001,-0.5,0
02/23/2022 20:15,114.951,115.003,114.948,115.003,5.2,0.05
02/23/2022 20:00,114.968,114.985,114.926,114.954,-1.4,-0.01
02/23/2022 19:45,114.982,114.989,114.967,114.969,-1.3,-0.01
02/23/2022 19:30,114.966,114.986,114.96,114.98,1.4,0.01
02/23/2022 19:15,114.968,115.001,114.955,114.968,0,0
02/23/2022 19:00,114.926,114.984,114.925,114.965,3.9,0.03
02/23/2022 18:45,114.946,114.968,114.924,114.926,-2,-0.02
02/23/2022 18:30,114.992,115.005,114.927,114.948,-4.4,-0.04
02/23/2022 18:15,115.038,115.046,114.99,114.992,-4.6,-0.04
02/23/2022 18:00,115.073,115.086,115.027,115.034,-3.9,-0.03
02/23/2022 17:45,115.085,115.093,115.068,115.074,-1.1,-0.01
02/23/2022 17:30,115.106,115.111,115.08,115.087,-1.9,-0.02
02/23/2022 17:15,115.097,115.119,115.085,115.104,0.7,0.01
02/23/2022 17:00,115.124,115.125,115.073,115.092,-3.2,-0.03
02/23/2022 16:45,115.086,115.128,115.085,115.122,3.6,0.03
02/23/2022 16:30,115.054,115.098,115.045,115.09,3.6,0.03
02/23/2022 16:15,115.071,115.085,115.052,115.056,-1.5,-0.01
02/23/2022 16:00,115.034,115.076,115.018,115.071,3.7,0.03
02/23/2022 15:45,115.054,115.102,115.028,115.032,-2.2,-0.02
02/23/2022 15:30,115.055,115.109,115.046,115.055,0,0
02/23/2022 15:15,115.078,115.079,115.033,115.061,-1.7,-0.01
02/23/2022 15:00,115.143,115.146,115.023,115.075,-6.8,-0.06
02/23/2022 14:45,115.145,115.202,115.128,115.146,0.1,0
02/23/2022 14:30,115.097,115.142,115.072,115.142,4.5,0.04
02/23/2022 14:15,115.053,115.101,115.045,115.101,4.8,0.04
02/23/2022 14:00,115.013,115.058,114.998,115.051,3.8,0.03
02/23/2022 13:45,115.006,115.05,115.001,115.013,0.7,0.01
02/23/2022 13:30,115.071,115.071,114.96,115.004,-6.7,-0.06
02/23/2022 13:15,115.101,115.133,115.061,115.067,-3.4,-0.03
02/23/2022 13:00,115.097,115.125,115.09,115.103,0.6,0.01
02/23/2022 12:45,115.08,115.107,115.073,115.094,1.4,0.01
02/23/2022 12:30,115.079,115.093,115.056,115.081,0.2,0
02/23/2022 12:15,115.097,115.098,115.065,115.079,-1.8,-0.02
02/23/2022 12:00,115.099,115.126,115.087,115.098,-0.1,0
02/23/2022 11:45,115.09,115.107,115.07,115.092,0.2,0
02/23/2022 11:30,115.076,115.091,115.062,115.089,1.3,0.01
02/23/2022 11:15,115.102,115.107,115.074,115.078,-2.4,-0.02
02/23/2022 11:00,115.058,115.106,115.053,115.095,3.7,0.03
02/23/2022 10:45,115.045,115.07,115.043,115.06,1.5,0.01
02/23/2022 10:30,115.041,115.064,115.032,115.047,0.6,0.01
02/23/2022 10:15,115.047,115.054,115.021,115.042,-0.5,0
02/23/2022 10:00,115.071,115.083,115.018,115.047,-2.4,-0.02
02/23/2022 09:45,115.116,115.144,115.057,115.072,-4.4,-0.04
02/23/2022 09:30,115.111,115.133,115.097,115.11,-0.1,0
02/23/2022 09:15,115.132,115.135,115.104,115.116,-1.6,-0.01
02/23/2022 09:00,115.142,115.169,115.123,115.13,-1.2,-0.01
02/23/2022 08:45,115.023,115.145,115.023,115.139,11.6,0.1
02/23/2022 08:30,115.051,115.054,114.991,115.024,-2.7,-0.02
02/23/2022 08:15,115.078,115.083,115.036,115.049,-2.9,-0.03
02/23/2022 08:00,115.074,115.091,115.009,115.081,0.7,0.01
02/23/2022 07:45,115.071,115.085,115.054,115.071,0,0
02/23/2022 07:30,115.076,115.087,115.062,115.069,-0.7,-0.01
02/23/2022 07:15,115.043,115.09,115.019,115.075,3.2,0.03
02/23/2022 07:00,115.059,115.06,114.994,115.044,-1.5,-0.01
02/23/2022 06:45,115.03,115.06,115.025,115.058,2.8,0.02
02/23/2022 06:30,115.045,115.052,115.03,115.03,-1.5,-0.01
02/23/2022 06:15,115.042,115.05,115.033,115.04,-0.2,0
02/23/2022 06:00,115.052,115.061,115.039,115.044,-0.8,-0.01
02/23/2022 05:45,115.051,115.056,115.038,115.052,0.1,0
02/23/2022 05:30,115.059,115.072,115.044,115.049,-1,-0.01
02/23/2022 05:15,115.045,115.062,115.04,115.061,1.6,0.01
02/23/2022 05:00,115.042,115.059,115.038,115.045,0.3,0
02/23/2022 04:45,115.017,115.048,115.014,115.038,2.1,0.02
02/23/2022 04:30,115.023,115.027,115.016,115.02,-0.3,0
02/23/2022 04:15,115.02,115.026,115.015,115.022,0.2,0
02/23/2022 04:00,115.022,115.022,115.006,115.019,-0.3,0
02/23/2022 03:45,115.026,115.032,115,115.025,-0.1,0
02/23/2022 03:30,115.049,115.05,115.014,115.024,-2.5,-0.02
02/23/2022 03:15,115.035,115.05,115.034,115.044,0.9,0.01
02/23/2022 03:00,115.078,115.083,115.03,115.035,-4.3,-0.04
02/23/2022 02:45,115.077,115.096,115.067,115.077,0,0
02/23/2022 02:30,115.063,115.077,115.051,115.077,1.4,0.01
02/23/2022 02:15,115.07,115.071,115.051,115.064,-0.6,-0.01
02/23/2022 02:00,115.04,115.074,115.031,115.072,3.2,0.03
02/23/2022 01:45,115.007,115.043,114.99,115.039,3.2,0.03
02/23/2022 01:30,115.039,115.039,114.987,115.003,-3.6,-0.03
02/23/2022 01:15,115.049,115.055,115.029,115.041,-0.8,-0.01
02/23/2022 01:00,115.022,115.048,114.989,115.047,2.5,0.02
02/23/2022 00:45,115.039,115.048,115.006,115.024,-1.5,-0.01
02/23/2022 00:30,115.068,115.071,115.029,115.037,-3.1,-0.03
02/23/2022 00:15,115.084,115.101,115.065,115.068,-1.6,-0.01
02/23/2022 00:00,115.096,115.125,115.082,115.084,-1.2,-0.01
02/22/2022 23:45,115.087,115.111,115.087,115.097,1,0.01
02/22/2022 23:30,115.09,115.1,115.08,115.085,-0.5,0
02/22/2022 23:15,115.058,115.1,115.056,115.088,3,0.03
02/22/2022 23:00,115.056,115.066,115.043,115.061,0.5,0
02/22/2022 22:45,115.043,115.049,115.022,115.049,0.6,0.01
02/22/2022 22:30,115.051,115.071,115.039,115.045,-0.6,-0.01
02/22/2022 22:15,115.042,115.065,115.034,115.046,0.4,0
02/22/2022 22:00,115.056,115.06,115.033,115.045,-1.1,-0.01
02/22/2022 21:45,115.075,115.083,115.051,115.07,-0.5,0
02/22/2022 21:30,115.051,115.076,115.05,115.076,2.5,0.02
02/22/2022 21:15,115.053,115.066,115.048,115.054,0.1,0
02/22/2022 21:00,115.025,115.06,115.022,115.056,3.1,0.03
02/22/2022 20:45,115.065,115.073,115.01,115.025,-4,-0.03
02/22/2022 20:30,115.052,115.083,115.044,115.067,1.5,0.01
02/22/2022 20:15,115.08,115.087,115.034,115.05,-3,-0.03
02/22/2022 20:00,115.073,115.111,115.069,115.082,0.9,0.01
02/22/2022 19:45,115.067,115.108,115.044,115.069,0.2,0
02/22/2022 19:30,115.049,115.079,115.034,115.066,1.7,0.01
02/22/2022 19:15,114.985,115.057,114.968,115.053,6.8,0.06
02/22/2022 19:00,114.944,114.987,114.938,114.984,4,0.03
02/22/2022 18:45,114.942,114.953,114.926,114.949,0.7,0.01
02/22/2022 18:30,114.908,114.942,114.908,114.94,3.2,0.03
02/22/2022 18:15,114.913,114.92,114.887,114.906,-0.7,-0.01
02/22/2022 18:00,114.924,114.927,114.872,114.912,-1.2,-0.01
02/22/2022 17:45,114.938,114.958,114.915,114.923,-1.5,-0.01
02/22/2022 17:30,114.977,114.977,114.928,114.943,-3.4,-0.03
02/22/2022 17:15,114.975,114.987,114.965,114.973,-0.2,0
02/22/2022 17:00,114.942,114.98,114.941,114.978,3.6,0.03
02/22/2022 16:45,114.977,114.985,114.926,114.94,-3.7,-0.03
02/22/2022 16:30,114.934,114.998,114.932,114.982,4.8,0.04
02/22/2022 16:15,115.005,115.009,114.93,114.934,-7.1,-0.06
02/22/2022 16:00,115.054,115.087,114.998,115.005,-4.9,-0.04
02/22/2022 15:45,115.132,115.132,115.049,115.05,-8.2,-0.07
02/22/2022 15:30,115.218,115.219,115.124,115.14,-7.8,-0.07
02/22/2022 15:15,115.228,115.237,115.18,115.216,-1.2,-0.01
02/22/2022 15:00,115.236,115.244,115.2,115.23,-0.6,-0.01
02/22/2022 14:45,115.182,115.239,115.163,115.233,5.1,0.04
02/22/2022 14:30,115.135,115.179,115.098,115.166,3.1,0.03
02/22/2022 14:15,115.12,115.14,115.1,115.134,1.4,0.01
02/22/2022 14:00,115.121,115.146,115.103,115.122,0.1,0
02/22/2022 13:45,115.146,115.163,115.108,115.12,-2.6,-0.02
02/22/2022 13:30,115.055,115.143,115.025,115.141,8.6,0.07
02/22/2022 13:15,115.091,115.104,115.055,115.059,-3.2,-0.03
02/22/2022 13:00,115.085,115.127,115.061,115.089,0.4,0
02/22/2022 12:45,115.049,115.1,115.048,115.084,3.5,0.03
02/22/2022 12:30,115.063,115.065,115.023,115.05,-1.3,-0.01
02/22/2022 12:15,115.056,115.096,115.046,115.06,0.4,0
02/22/2022 12:00,115.081,115.118,115.056,115.06,-2.1,-0.02
02/22/2022 11:45,114.951,115.096,114.945,115.081,13,0.11
02/22/2022 11:30,114.926,114.952,114.905,114.949,2.3,0.02
02/22/2022 11:15,114.917,114.956,114.911,114.927,1,0.01
02/22/2022 11:00,114.929,114.967,114.898,114.915,-1.4,-0.01
02/22/2022 10:45,114.886,114.973,114.881,114.931,4.5,0.04
02/22/2022 10:30,114.861,114.899,114.847,114.887,2.6,0.02
02/22/2022 10:15,114.799,114.898,114.797,114.857,5.8,0.05
02/22/2022 10:00,114.777,114.826,114.777,114.801,2.4,0.02
02/22/2022 09:45,114.818,114.852,114.77,114.773,-4.5,-0.04
02/22/2022 09:30,114.77,114.83,114.75,114.816,4.6,0.04
02/22/2022 09:15,114.829,114.831,114.773,114.774,-5.5,-0.05
02/22/2022 09:00,114.882,114.884,114.809,114.826,-5.6,-0.05
02/22/2022 08:45,114.877,114.901,114.846,114.883,0.6,0.01
02/22/2022 08:30,114.854,114.904,114.849,114.874,2,0.02
02/22/2022 08:15,114.809,114.871,114.754,114.849,4,0.03
02/22/2022 08:00,114.735,114.818,114.718,114.81,7.5,0.07
02/22/2022 07:45,114.734,114.783,114.715,114.737,0.3,0
02/22/2022 07:30,114.643,114.754,114.629,114.735,9.2,0.08
02/22/2022 07:15,114.671,114.703,114.624,114.643,-2.8,-0.02
02/22/2022 07:00,114.68,114.707,114.653,114.67,-1,-0.01
02/22/2022 06:45,114.75,114.75,114.66,114.679,-7.1,-0.06
02/22/2022 06:30,114.749,114.779,114.743,114.751,0.2,0
02/22/2022 06:15,114.743,114.758,114.72,114.75,0.7,0.01
02/22/2022 06:00,114.73,114.752,114.71,114.745,1.5,0.01
02/22/2022 05:45,114.725,114.741,114.674,114.731,0.6,0.01
02/22/2022 05:30,114.722,114.736,114.709,114.725,0.3,0
02/22/2022 05:15,114.682,114.73,114.669,114.722,4,0.03
02/22/2022 05:00,114.692,114.719,114.658,114.684,-0.8,-0.01
02/22/2022 04:45,114.676,114.708,114.67,114.691,1.5,0.01
02/22/2022 04:30,114.679,114.703,114.667,114.676,-0.3,0
02/22/2022 04:15,114.639,114.682,114.636,114.677,3.8,0.03
02/22/2022 04:00,114.612,114.672,114.611,114.641,2.9,0.03
02/22/2022 03:45,114.611,114.618,114.587,114.611,0,0
02/22/2022 03:30,114.593,114.625,114.569,114.611,1.8,0.02
02/22/2022 03:15,114.641,114.648,114.586,114.595,-4.6,-0.04
02/22/2022 03:00,114.674,114.679,114.619,114.639,-3.5,-0.03
02/22/2022 02:45,114.646,114.678,114.618,114.672,2.6,0.02
02/22/2022 02:30,114.666,114.681,114.625,114.641,-2.5,-0.02
02/22/2022 02:15,114.691,114.722,114.662,114.668,-2.3,-0.02
02/22/2022 02:00,114.71,114.716,114.66,114.689,-2.1,-0.02
02/22/2022 01:45,114.665,114.791,114.655,114.715,5,0.04
02/22/2022 01:30,114.656,114.72,114.633,114.668,1.2,0.01
02/22/2022 01:15,114.686,114.707,114.641,114.655,-3.1,-0.03
02/22/2022 01:00,114.732,114.737,114.681,114.686,-4.6,-0.04
02/22/2022 00:45,114.701,114.792,114.698,114.729,2.8,0.02
02/22/2022 00:30,114.628,114.733,114.628,114.702,7.4,0.06
02/22/2022 00:15,114.536,114.661,114.529,114.632,9.6,0.08
02/22/2022 00:00,114.607,114.647,114.518,114.531,-7.6,-0.07
02/21/2022 23:45,114.536,114.632,114.535,114.606,7,0.06
02/21/2022 23:30,114.564,114.59,114.503,114.536,-2.8,-0.02
02/21/2022 23:15,114.557,114.608,114.497,114.564,0.7,0.01
02/21/2022 23:00,114.696,114.697,114.56,114.56,-13.6,-0.12
02/21/2022 22:45,114.677,114.708,114.676,114.697,2,0.02
02/21/2022 22:30,114.698,114.713,114.668,114.673,-2.5,-0.02
02/21/2022 22:15,114.717,114.742,114.703,114.704,-1.3,-0.01
02/21/2022 22:00,114.721,114.731,114.719,114.719,-0.2,0
02/21/2022 21:45,114.736,114.787,114.716,114.72,-1.6,-0.01
02/21/2022 21:30,114.777,114.777,114.719,114.74,-3.7,-0.03
02/21/2022 21:15,114.846,114.847,114.781,114.782,-6.4,-0.06
02/21/2022 21:00,114.8,114.847,114.8,114.847,4.7,0.04
02/21/2022 20:45,114.749,114.8,114.746,114.796,4.7,0.04
02/21/2022 20:30,114.752,114.762,114.752,114.756,0.4,0
02/21/2022 20:15,114.774,114.774,114.754,114.754,-2,-0.02
02/21/2022 20:00,114.774,114.786,114.768,114.773,-0.1,0
02/21/2022 19:45,114.8,114.801,114.77,114.772,-2.8,-0.02
02/21/2022 19:30,114.772,114.804,114.761,114.799,2.7,0.02
02/21/2022 19:15,114.78,114.782,114.758,114.776,-0.4,0
02/21/2022 19:00,114.773,114.799,114.754,114.778,0.5,0
02/21/2022 18:45,114.781,114.783,114.761,114.769,-1.2,-0.01
02/21/2022 18:30,114.772,114.781,114.761,114.781,0.9,0.01
02/21/2022 18:15,114.807,114.817,114.773,114.774,-3.3,-0.03
02/21/2022 18:00,114.803,114.827,114.785,114.805,0.2,0
02/21/2022 17:45,114.802,114.823,114.796,114.809,0.7,0.01
02/21/2022 17:30,114.79,114.811,114.787,114.8,1,0.01
02/21/2022 17:15,114.817,114.82,114.783,114.79,-2.7,-0.02
Date,Open,High,Low,Close,Change(Pips),Change(%)
